Hormone	CCK	GAST	GCG	GHRL	GIP	NTS	PYY	SCT	SST	TAC1	TPH1	CCK	GAST	GCG	GHRL	GIP	NTS	PYY	SCT	SST	TAC1	TPH1
	pos	pos	pos	pos	pos	pos	pos	pos	pos	pos	pos	neg	neg	neg	neg	neg	neg	neg	neg	neg	neg	neg
TF																						
ARX	0.49351581512270987	0.7643157984000001	0.51545	0.986914521	0.9485901945999999	0.8363002923999999	0.9761333724	0.79706	0.8367976558195919	0.7871431755454295	0.9539077905999999	-0.8810665728	-0.44444561579790476	-0.7139584420903858	-0.6075104180944265	-0.8947200000000001	-0.48426554603471494	-0.5467660127174282	-0.6250460062056415	-0.722069691433752	-0.5294552775996142	-0.6973661789008532
ASCL1	0.3175820984547635	0.49184445097802143	0.33169695404352	0.63508883600159	0.6104267692004461	0.5381671542434479	0.6281510648274499	0.5129156546511361	0.5384872123117984	0.5065340842459263	0.6138486925606828	-0.5669746794205516	-0.2860049607103727	-0.4594390155301927	-0.390938704494377	-0.5757607890616322	-0.31162946273729164	-0.3518491046520351	-0.40222302142880656	-0.4646586812604907	-0.34070948274722745	-0.448761737112002
DACH1	0.07215646692982663	0.09095273918622691	0.05680405125031981	0.13584768526566	0.1373378004	0.09910161410029333	0.11326270873994661	0.08783827158711788	0.1079821737869888	0.10834938193244767	0.11068383000352973	-0.10223191772471908	-0.06259496085060605	-0.09827558483543243	-0.08362313282134914	-0.0986006804436631	-0.06849025516901887	-0.07994212648522438	-0.08603688700572047	-0.09939208927878829	-0.06253194609354411	-0.09599167827650096
ETV1	0.5938165286146938	0.6658947213926458	0.5708360748127177	0.8924156804856598	0.9312299999999999	0.725555297194056	0.8292332980333619	0.653264587431456	0.9946799999999999	0.7932612271	0.8971	-0.7484732728208638	-0.5283011514759425	-0.719507667050004	-0.7080161720005005	-0.7333060141854721	-0.5756340854683981	-0.6578891409095599	-0.629904161378358	-0.47728541005352937	-0.629349965144171	-0.741707773520727
FEV	0.525394077374685	0.6622556857713219	0.4136082788924571	0.98915	0.801431349395046	0.7215902236067365	0.8247016364763813	0.6395782612746569	0.7862523898918422	0.7889261486413589	0.805924004033559	-0.7443829552167422	-0.45577372484703094	-0.7155756430436645	-0.6088865015880156	-0.7179427670785902	-0.49869922897803215	-0.5820839292051482	-0.6264618098960065	-0.7237052653334056	-0.45531489445307965	-0.6989457964007189
HHEX	0.547671046176046	0.6141480425932232	0.5264764034390212	0.823066057955119	0.8588641166999998	0.6691723950491059	0.7647935784431892	0.6024993963421575	0.9173834171999998	0.7316168971420589	0.8867299999999999	-0.6903094147899544	-0.48724686899474695	-0.6635947262435481	-0.6529962352743415	-0.6763208038231191	-0.5309015606866488	-0.606764575769478	-0.5809543089976458	-0.44019556083826955	-0.5804431793528174	-0.5929491524949413
HOXB9	0.29313707260027133	0.297183750270748	0.2817927892569761	0.4438758517232498	0.3596380961537072	0.32380981155397104	0.3700805148951238	0.2870073754910413	0.3528266180383988	0.3540264531920602	0.3616541512557325	-0.3340379297933591	-0.338987177	-0.32111080021070487	-0.34951163871786717	-0.36471313810410955	-0.31298921900000004	-0.32476646837641376	-0.33426795519596175	-0.3895631199697129	-0.3106781262115243	-0.5185218400999999
INSM1	0.22695667723653598	0.75574	0.21817354779342069	0.3410812730816192	0.35591610599999995	0.6977800000000001	0.3169329665083509	0.2496777253163025	0.38016669599999997	0.30318444099762	0.34287162	-0.28606648487213415	-0.19688248234521388	-0.27499583034651154	-0.2706037809385913	-0.28026955862168745	-0.22000734746602174	-0.25144522965563376	-0.2407493704788084	-0.18241848372245892	-0.24053755667810214	-0.28348071103962186
ISL1	0.5230632892302531	0.6696323572942081	0.5028209564987823	0.8646555501385201	0.8310788412929521	0.7326994121774881	0.8552099702270881	0.6983202072000001	0.876163878	0.698744151891035	0.835737693500472	-0.7719200457615362	-0.46535406927758394	-0.633778328520996	-0.6236560451066407	-0.7838820864000001	-0.5070472841848385	-0.5795016497701858	-0.5548510805501267	-0.632619698058939	-0.554362916797243	-0.6533332923057324
LMX1A	0.16212310553848358	0.7761600000000001	0.4876709670732529	0.8614382088000601	0.96329	0.84926	0.99126	0.6957217916	0.8497650708	0.6870657922065836	0.9686899999999999	-0.8947200000000001	-0.45133295671741247	-0.6231857657630141	-0.6048652959017475	-0.7809652992000001	-0.49176995555650727	-0.1674573158763409	-0.5455776569766562	-0.6391260500883583	-0.5376599687223168	-0.6336483679964923
MAFB	0.6205950669903171	0.43803980769496753	0.5965782948402123	0.5870501454739858	0.6080191658450222	0.4772858120729042	0.5454874212625185	0.5222837333319735	0.9376200000000001	0.5218242226699764	0.5330672175844773	-0.49236174722272713	-0.5521252317717338	-0.47330755145571457	-0.7399446167622317	-0.7721274295544669	-0.6015926748730968	-0.6875570749562117	-0.6635225916	-0.8247368658969719	-0.6577309066996825	-0.7971791373
MYT1	0.4415584701065909	0.683848631144448	0.461183424	0.88301216022912	0.848722618912512	0.748254597616128	0.873366050953728	0.7131455232	0.7486995986149053	0.7042727420240066	0.853480378405632	-0.788307884015616	-0.39765438136670134	-0.63879289730711	-0.5435517212774453	-0.8005238784000002	-0.43328206934818014	-0.4892024868985373	-0.5592411626723115	-0.6460501943196066	-0.4737142259739268	-0.6239474675861714
NEUROD1	0.11749550557513916	0.2329644124	0.10520870217480152	0.1984830374811917	0.17922657608068815	0.2150976628	0.18443058248891087	0.14303086844609164	0.1758320583315632	0.1764299992859611	0.1802312823590007	-0.16646866691330056	-0.10192609040504293	-0.16002639842609262	-0.13616717512204055	-0.1605557657090898	-0.11152565390819773	-0.13017323280625495	-0.270657503539326	-0.16184445105021242	-0.11599318257574782	-0.15630741429000675
PAX4	0.07748511853121855	0.09766946853755454	0.06099894897105957	0.145879842	0.14748	0.10642012617752149	0.12162699734753671	0.09432500197278638	0.11595650246124888	0.11635082840162761	0.11885767211486928	-0.10978159823536514	-0.06721750894044012	-0.10553309583607963	-0.08979858125420052	-0.10588219928875046	-0.07354816228968018	-0.08584573787917527	-0.09239058772346304	-0.10673205253137065	-0.06714984063394018	-0.10308052605317801
PAX6	0.19062758109322128	0.2402847783793886	0.17069317083549043	0.32202373305996934	0.29078157924970743	0.2618129986428671	0.299224686488041	0.23757528600000002	0.2852742306551701	0.286244344679664	0.29241163928142005	-0.27008283547664597	-0.1653673812380573	-0.2596307415649841	-0.23139951920032142	-0.2604895999883228	-0.18094194778168488	-0.21119623573237048	-0.4391213515093688	-0.26258039459502713	-0.18819017552615017	-0.253596970770809
RFX6	0.5824295455802688	0.7341485081999999	0.4585085601408	0.9838877219999999	0.8884327340999999	0.7999242552000001	0.9142291854	0.70900927916544	0.8716059846817199	0.8745700000000001	0.8934131000999999	-0.8251913088	-0.5052513815468319	-0.7932567468000001	-0.6749856987385879	-0.7958808399052801	-0.5528367711457205	-0.6452735060710582	-0.6944689386	-0.8022689005715327	0.8745700000000001	-0.774821605559508
ST18	0.12105253702655748	0.1549730164485986	0.11636785396251322	0.20010723396855773	0.1923365762404279	0.1695686249602361	0.19792124340965503	0.16161224555229606	0.20277060628554	0.16171035907214223	0.19341477440681426	-0.17864545619059233	-0.10769689225291126	-0.14667531856961413	-0.1443327185190299	-0.18141383125555208	-0.11734595297889719	-0.1341140668063141	-0.12840918557171582	-0.14640717672178025	-0.12829620983438597	-0.15120092383831568
