	AEBP1	ARNT2	ARX	ASCL1	ASCL2	ATOH8	CCDC17	DACH1	E2F7	EBF3	ETV1	FEV	FOXJ1	FOXP2	GATA2	GRHL3	HES4	HES6	HEY1	HEYL	HHEX	HIC1	HLF	INSM1	ISL1	KCNIP3	LMX1A	LMX1B	LTF	MAFA	MAFB	MYT1	NEUROD1	NEUROD2	NEUROG3	NFAT5	NHLH1	NR4A3	ONECUT1	PAX4	PAX6	PBX3	POU5F1	PROX1	RFX6	SETBP1	SIX2	SMAD9	SOX4	SPIB	ST18	TET1	TFCP2L1	TP73	ZFP69B	ZNF382	ZNF492	ZNF519	ZNF846
ABCC8	0	0	0.1881	0.17332	0.0067328	0	0	0	0	0.092482	0.84998	0.25535	0	0	0.91722	0	0	0	0	0	0	0	0	0	0	0	0.59071	0.22515	0	0	0	0	0.91722	0	0.99632	0	0	0	0	0	0	0	0	0	0	0	0	0.43238	-0.96799	0	0	0	0	0.48455	0	0	0	0	0.27096
ACTN3	0	0	0.37435	-0.71458	0.78658	0	0	0	0	0	0.30343	0.052045	0	0	-0.971	0	0	0	0	0	0	0	0	0	0	0	0.21727	0.12321	0	0	0	0	0	0	0	0	0.92396	0	0	0	-0.85663	0.62763	0	0	0	0	0	0	0	0	0	0	0.92003	0	0	0	0	0	-0.39455
ADAMTSL2	0	0	0	0.17332	0.25535	0	0	0	0	-0.65196	0.51619	-0.77922	0	0	0	0	0	0	0	0	0	0	0	0	-0.86101	0	0	0	0	0.69979	0.027303	0	0.99356	0	0	0	0.1881	0	0	0	0	0.41276	0	0	0	0	0.85663	0	0	0.28724	0	0	-0.68472	0	0	0	0	0	0
ADORA2A	0	0	0	0	0	0.89938	0	0.37807	0	0.092482	0	0	0	0	0.29533	0	0.14469	0	0	0.016605	0	0	0	0	0	0	0	0	0	0	0.61499	0	0	0	0	0	0	0	0	0	0	-0.45122	0	0.37299	0	0	0	0.84692	0	0.027303	0	0	-0.89488	0	0	0	0	0	0
AF086346	0	0	0	0	0	0	0.78121	0	0	0	0	0	0	0	0	0	0.59265	0	0	0	0	0	0	0	0.060595	0	0	0	0	0	0	0	0	0	0	0	0	0	0	0	0	0	0	0	0	0	0	0.068278	0.30343	0	0	0.035399	0	0	0	0	0	-0.66592	0
AGT	0	0	0	0	0	0	0	0	0	0.70917	0	-0.39475	0	0	0.90434	0	0.92396	0	0	0	0	0	0	0	-0.59372	0	0.93437	0	0	0	0.59909	0	0.99632	0	0	0	0	0.90913	0.19533	0	0	0	0	0	0	0	0	0	-0.76663	0.94403	0	0	-0.41198	0	0	-0.47889	0	0	-0.77658
AK026392	0	0	0	0	0	0	0.77865	0	0	0	0	0	0	0	0	0	0.55919	0	0	0	0	0	0	0	0.30343	0	0	0	0	0	0	0	0	0	0	0	0	0	0	0	0	0	0	0	0	0	0	0	0.31941	0	0	0.22515	0	0	0	0	0	-0.69248	0
AK027252	0	0	0	0	0	0	0.76382	0	0	0	0	0	0	0	0	0	0.63247	0	0	0	0	0	0	0	0	0	0	0	0.28724	0	0	0	0	0	0	0	0	0	0.27869	0.068278	0	0	0	0	0	0	0	0	0	0	0	-0.42784	0	0	0	-0.49909	0.27096	0.34915	0
AK027332	0	0	0	0	0	0	0.04399	0	0	0	0	0	0	0	0	0	0	0	0	0	0	0	0.52796	0	0	0	0	0	0	0.24796	0	0	0	0	0	0	0.20355	0	0	0	0	0	0	0	0	0	0	-0.55667	0	0	0	0	0	0	0	0	0	0.67063	0
AK027840	0	0	0	0	0	0	0.77893	0	0	0	0	0	0	0	0	0	0.55952	0	0	0	0	0	0	0	0.28724	0	0	0	0	0	0	0	0	0	0	0	0	0	0	0	0	0	0	0	0	0	0	0	0.30343	0	0	0.22515	0	0	0	0	0	-0.6919	0
AK057596	0	0	0	0	0	0	0.85308	0	0	0	0	0	0	0	0	0	0	0	-0.49252	0	0	-0.53763	0	0	0	0	0	0	0	0	0	0	0	0	0	0.34494	0	0	0	0	0	0	0	0	0	0	0.31941	0	0	0	0	0	-0.51578	0	0	0	0.54118	0	0.65679
AK092048	0	0	0	0	0	0	0	0.99632	0	0.64907	0	0	0	0	0	0	0	0	0	0	0.52135	0	0	0	0	0	0	0.48674	0	0	0	0	0	0	0	0	0	0.32805	0	0.64523	0	0	0	0	0	0	0	0	0	0	0	0	0	0	0	0	0.13057	0	0
AK097012	0	0	0	0	0	0	0.78121	0	0	0	0	0	0	0	0	0	0.59215	0	0	0	0	0	0	0	0.016605	0	0	0	0	0	0	0	0	0	0	0	0	0	0	0	0	0	0	0	0	0	0	0.068278	0.30343	0	0	0.016605	0	0	0	0	0	-0.63201	0
AK126532	0	0	0	0	0	0	0	0	0.38042	0	0	0	0	0	0	0	0	0	0	0	0	0.28724	0	-0.4354	0	0	0	0	0	0.14469	0	0	0	0	0	0.15118	0.16638	0	0	0	0	0.1881	0.36055	0	0	0.10029	0.35762	0	0	0	0	0	0	0	0.04399	0.060595	0	0.50198	0
AK128361	0	0	0	0	0	0	0.77637	0	0	0	0	0	0	0	0	0	0.55919	0	0	0	0	0	0	0	0	0	0	0	0	0	0	0	0	0	0	0	0	0	0	0	0	0	0	0	0	0	0	0	0.035399	0	0	0	0	0	0	0	0	-0.65824	0
AK129879	0	0	0	0	0	0	0.66126	0	0	0	0	0	0	0	0	0	0.36568	0	0	0	0	0	0	0	0	0	0	0	0	0	0	0	0	0	0	0	0	0	0.016605	0	0	0	0	0	0	0	0	0	-0.35952	0	0	0.28724	0	0	0.13825	0	0	0.21045	0
AK293147	0	0	0	0	0	0	0.77951	0	0	0	0	0	0	0	0	0	0.38542	0	0	0	0	0	0	0	0	0	0	0	0	0	0	0	0	0	0	0	0	0	0	0	0	0	0	0	0	0	0	0.30343	0.23961	0	0	0	0	0	0	0	0.016605	0	0
AK5	0	-0.56634	0	0.26378	0.34981	0	0	0	0	0	0.0067328	0.12321	0	0.66126	0	0	0	0	0	0	0	0	0	0	0	0	0.11582	0	0	0	0	0	0	0	0.98563	0	0	0	0	0.64019	0.55646	0.63247	-0.3577	0	0.51338	0	0.39141	0	0.5366	0.81524	0	0	-0.87641	0	0	0	-0.87476	0	-0.55646
AKR1B1	0	0	0.10777	0	0	0	0	0	0	0	0.73304	-0.42561	0	0	0	0	0	0	0	0	0	0	0	0	0.92577	0	0	0.15118	0	0.786	-0.48104	0	0.99356	0.76258	0	0	0	0	-0.92577	0	0	0.25535	-0.7221	0	0	0	0.63028	-0.41029	-0.97476	-0.43292	0	0	-0.85828	0	0	0	0	0	-0.82887
AL110171	0	0	0	0	0	0.035399	0.61941	0	0	0	0	0	0	0	0	0	0.31152	0	0	0	0	0	0	0	0	0	0	0	0.76055	0	0	0	0	0	0	0	0	0	0	0	0	0	0	0	0	0	0	0.18104	0	0	0	0	0.46712	0	0	0	0	0	0
AL832937	0	0	0	0	0	0	0.78042	0	0	0	0	0	0	0	0	0	0.59327	0	0	0	0	0	0	0	0.15118	0	0	0	0	0	0	0	0	0	0	0	0	0	0	0	0	0	0	0	0	0	0	0.016605	0.30343	0	0	0.13057	0	0	0	0	0	-0.70917	0
AMBP	0	0	0.17332	0	0.93891	0	0	0	0	0	0	0	0	0	0.98249	0	0	0	0	0	0	0	0	0.035399	0	0	0.60062	-0.44168	0	0.7254	0.21045	0	0.87922	0.52325	0	0	-0.43061	0.22515	-0.84692	0	0	0	0	0	0	0	0	-0.39248	0.084387	0.23296	0	0	0.56183	0.63759	0	0	0	0	0
AMER3	0	0	0	0	0	0	0	0	0	0	0.79831	0.99694	0	0	0	0	0	0	0	0	0	0	0	0	0	0	0	0	0	0.19533	0.76663	0	0	0	0.98563	0	0	0	0	0	0	0	0	0	0.96943	0	0	0	0	0	0	0	0	0.19533	0	0	0	0	-0.71974
AMPD3	0	0	0	0	0.55737	0	0	0	0	0	0	0	0	0.052045	0.052045	0	0	0	0	0	0.23296	0	0	0	0.76861	0	0.10777	0.56477	0	0	0	0	0.99847	0	0.21045	0	0	0	0	0	-0.77683	0.18104	0	0.45238	0	0	0.28724	0.53788	0.86679	0.43511	0	0	0	0.99587	0	0	0.76055	0	0
ANKRD65	0	0	0	0	0	0	0	0	0	0	0.76572	-0.67836	0	0	0	0	0	0	0	0	0	0	0	0	0	0	0	0	0	0	0	0	0.98563	0	0	0	0	0	0	0	0	0	0	0	0.97749	0	0	0	0	0.48781	0	0	-0.8905	0	0	0	0	0	-0.81119
ANKS1B	0	0	0.22515	-0.40599	0.04399	0	0	0	0.21727	0	0	0.27869	0	0	0	0	0.87278	0	0.60987	0	0	0	0	-0.57621	0	0	0.71974	-0.58501	0	0.27869	0.016605	0	0	0	0	0	0.21727	0.13825	-0.67675	0	0.45423	0	0	0	0.17332	0	0	-0.6164	-0.42214	0	0	0	0	0	0	0	0	0.96026	0
ARHGAP9	0	0	0	0	0	0	0	0	0	0.13057	0.13057	0.99157	0	0.38414	0	0	0	0	0	0	0	0	0	0	0	0	0	0	0	0	0	0	0.99157	0.87641	0.8905	0	0.94403	0	0	-0.71458	-0.78505	0	0	0	0	0	0	0.13825	0.23961	0	0	0	-0.85828	0	0	0	0.56241	0.24796	0
ARHGEF25	0	0	0	0	0	0	0	0.95374	0	0	0	0	0	0	0	0.28724	0	0	0	0	0	0	0	0	0	0.035399	0	0.45423	0	0	0	0	0.84866	0.027303	0	0	0	0.46117	0	0.27869	0	0	0	0	0	0	0	0	0	0	0	0	0	0	0	0.21045	0	0	0
ARHGEF26-AS1	0	-0.55097	0.24796	0	0	0	0	0	0.016605	0	0	-0.58154	0	0	0.11582	0	0	0	0	0	0	0	0	0	0.092482	0	0	0	0	-0.43028	0	0	-0.37852	0	0	0	0	0	0	0.36212	-0.76311	0	0	0	0	0	0	0	0.34552	0.0067328	0	0	0.79228	0	0	0	0.94031	0	0.81524
ARL9	0	0	0.23296	0	0	0	0	0	0	0	0.64957	0	0	0	-0.74201	0	0	0	0	0	0	0	0	0	0	0	-0.34015	0.20355	0	0	0	0	0	0	0	0	0.69711	0	0	0	-0.87096	0	0	0	0.91722	0	0	0	0.79612	-0.64048	0	0	0	0	0	0	0	0	0.59418
ASRGL1	0	-0.7741	0.68257	0	0	0	0	0	0	-0.53139	-0.39765	0.77204	0	0	0.052045	0	0	0	0	0	0	0	-0.7185	0.22515	-0.92003	0	-0.39475	0.60264	0	-0.5418	0.32805	0	0	0	0	0.46753	0	0	0.44118	0	0.16638	0.54007	0	0	0	0	0	0	0.90202	-0.34886	0	0	0	0	0	0	-0.46241	0	0
ATOH8	0	0	0	0.15832	0.42635	0	0	0	0	0	0.66832	0	0	-0.86679	0	0	0	0	0	0	0	0	0	0	0	0	0	0	0	0.83994	0	0	0.94973	0	0.36592	0	-0.34221	0	0	-0.4202	-0.40884	0.80207	0	0	-0.34341	0	0	0	0	0	0	0	0.52784	0	0	0	0	0	-0.53486
ATP13A4	0	0.7176	0.31941	-0.45832	0	0	0	0	-0.97336	0	0.17332	0.61545	0	0	0.26378	0	0	0	0	0	0	0	0.5853	0	0	0	0	0	0	0.12321	0.35019	0	-0.62222	0.20355	0	0	0	0.37757	0	0	0.17332	-0.83804	0	0	0.19533	0	0	0	0	0.23296	0	0	0.90202	0	0	0	0	0	0.15118
AX747264	0	0	0	0	0	0	0.27869	0	0	0	0	0	0	0	0	0	0.29533	0	0	0	0	0	0	0	0	0	0	0	0	0	0	0	0	0	0	0	0.084387	0	0	0	0	0	0	0	0	0	0	-0.52045	0	0	0	0	0	0	0	0	0.016605	0.66663	0
AX747756	0	0	0	0	0	0	0	0	0	0	0	0	0	0	0	0.17332	0	0	0	0	0	-0.93437	0	0	0	0	0	0	0	0.20355	0	0	0	0	0	0.78806	0	0	0	0	0	0	0	0	0	0	0	0	0	0	0	0	-0.57877	0	0	0	0.86254	0	0.76712
AX747833	0	0	0	0	0	0	0.77485	0	0.24796	0	0	0.15118	0	0	0	0	0	0	-0.34097	0	0	0.19533	0	0	0	0	0	0	0	0.27869	0	0	0	0	-0.37914	0	0	0	0.0067328	0	0	0	0.24796	0	0	0	0	0	0	0	0	0	0	0	0	0.32805	0	0	0.69455
BAALC	0	0	0.4119	0	0	0	0	0	0	0	0	0	0	0	0	0	0	0	0	0	0	0	0	0	-0.73994	0	0.53486	0.99071	0	0	0.79884	0	0	0	0.99632	0	0	0	0.78207	0	0	-0.61024	0	0	0	0	0	0	-0.63912	0	0	0	-0.89488	0	0	0	0	0.14469	0
BAI1	0	0	0	0	0.027303	0.92396	0	0.092482	0	0	0	0	0	0	0	0	0	0	0	0	0	0	0	0.10029	0	0.78872	0	0	0	0	0	0.36283	0.068278	0	0	0	0	0	0	0	0	0.40008	0	0	0	0	0	0	0	0	0.45762	0	0	0	0	0	0	0	0
BAI2	0	0	0	0	0	0.22515	0	0	0	0.13057	0	0	0	0	0.59637	0	0	0	0	0.035399	0	0	0	0	0	0.13057	0	0	0	0.31941	0	0	0	0	0.64502	0	0.068278	0	0	0	0	0.13057	0	0.13825	0	0	0	0.95147	0	0.27096	0	0	-0.74201	0	0	0	0	0.027303	0
BC007880	0	0	0	0	0	0	0.78042	0	0	0	0	0	0	0	0	0	0.6292	0	0	0	0	0	0	0	0.060595	0	0	0	0.068278	0	0	0	0	0	0	0	0	0	0	0	0	0	0	0	0	0	0	0.16638	0.16638	0	0	0	0	0	0	0	0	-0.48781	0
BC010924	0	0	0	0	0	0	0	0	0	0	0	0	0	0	0	0	0	0	0	0	0	-0.93437	0	0	0	0	0	0	-0.56431	0	0	0	0	0	0	0	0	0	0.052045	0	0	0	0	0	0	0	0	0	0.15832	0	0	0	-0.66435	0	0	0.6905	0	0.18104	0.91722
BC041654	0	0	0	0	0	0	0.77951	0	0	0	0	0	0	0	0	0	0.56064	0	0	0	0	0	0	0	0.22515	0	0	0	0	0	0	0	0	0	0	0	0	0	0	0	0	0	0	0	0	0	0	0	0.28724	0	0	0.19533	0	0	0	0	0	-0.71458	0
BCRP3	0	0	0	0	0	0	0	0	0	-0.61772	0	0	0	0	0	0	0	0	0	0	0	0	0	0	0	0	0	0	0	0.96026	-0.82656	0	0.97336	0	0	0	0	0.15832	0	0	0	0.6739	0	0	-0.95374	0	0	0	0	0	0	0	0	0	0	0	0	0	0
BEX1	0	0	0	0	0	0	0	0	0	0	0.24796	0	0	0	0	0	0	0	0	0	0	0	0	0	-0.34663	0.92197	0.31152	0	0	0	0.40132	0.84519	0.94403	0	0	0	0	0	0	0	0.65874	0	0	0	0	0	0.88141	0	0.15118	0	0	0	0	0	0	-0.51656	-0.34444	0	0
BHMT	0	0.50715	0	0	0	0	0	0	0	0	0	0	0	0	0	0	0	0.31152	0	0	0	0	0	0.18104	0	0	0	0.15832	0	0	0	0	0.89261	0	0.93036	0.27096	0	0	0	0	0	0	0.016605	0.076869	0	0	0	0	0	0	0.71074	0	0	0	0.10777	0	0	0	0
BTBD17	0	0	0	0	0.67699	0	0	0	0	0	0	-0.82772	0	0	0	0	0	0	0	0	0	0	0	0	0	0	0	0	0	0	0	0	0	0	0	0	0	0.10777	0	0	-0.77096	0	0	0	0.99587	0	0	0.45684	-0.92197	0	0	-0.35655	0.79054	0	0	0	0	0	0
C10orf10	0	0	0	0	0	0.79277	0	0.98344	0	0	0	0	0	0	0	0.86456	0.18104	0	0	0	0	0	0	0.78711	0	0	0	0	0	0	0	0	0.11582	0	0	0	0	0	0	-0.55886	0	0	0	0	0	0	0	0	0.97476	0	0	0	-0.77728	0	0	0	0	0	0
C14orf105	-0.49566	0	0	0	0	-0.43722	0	0	0	0	0	0	0	0	0	0.19533	-0.35184	0	0.27869	0	0	0.035399	0	0	0	0	0	0	0	0	0	0	0	0	0	0.12321	0	0	0	0	0	0	0.027303	0	0	0	0.22515	0	-0.36134	0	0	0	0.28724	0	0	0	0.052045	0	0.4993
C14orf132	0	0	0	0	0.95147	0	0	0	0	0	0.86679	0	0.82887	0	0	0	0	0	0	0	0	0	0	0	0	0	0	-0.94601	0	0	0	0	0.75192	0	0.99847	0	0	0.21727	0.84998	0	0	0	0	0	0.95568	0	0	0	0.076869	0	0	0	0	0	0.96943	0	0	0	0
C1QL1	0	0	-0.52491	0	0	0	0	0	-0.98563	0	0	0.90913	0	0	0	0	0	0	0	0	0	0	0	0	0.092482	0	0.58269	0	0	0.59983	0.084387	0	0.99847	0.49798	0	0	0	0	0	0.63494	0	0	0	0	0	0	0	0.8905	0	0.83635	0	0	-0.60772	0	0	0	0	-0.81219	0
C2CD4A	0	0	0	0	0	0	0	0	0.64804	0	0	0	0.84337	0	0.060595	0	0	0	0	0	0	0	0	0	0	0	0	0	0	0.83635	0.0067328	0	0	0	0	0	0.82887	0.10777	0	0.74639	-0.63494	0.84866	0.73664	0	0.39083	0	-0.39562	0.58216	0.82887	0	0	0	0.95799	0	0	0	0.076869	0	-0.45853
C9orf16	0	0	0.5582	0	0	0	0	0	0	0.13825	0.92577	0.49372	0	0	0.32805	0	0	0	0	0	0	0	0	0	0	0	0	0	0	0	0	0	0.72292	0.50289	0.90434	-0.97476	0.68038	0	0	0	0	0	0	0	0	0	0	0	0	0	0	0	0.79736	0	0	0	0	0	0
CA8	0	0	0	0	0	0	0	0.99913	0	0	0	0	0	0.87641	0	0.67675	0	0	0	0	0	0	0	0.31152	0	0	0	0.80636	0	0	0	0	0	0	0	0	0	0	0	0	0	0	0	0	0.016605	0	0	0	0	0	0.13825	0	0	0	0	0	0	0	0
CABP7	0	0	-0.65031	0	0	0	0	0	0	0.092482	0	0.28724	0	0	0	0	0	0	0	0	0	0	0	0	0	0	0	0	0	0	0	0	0.99748	0	0.98249	0	0	0	0	0	-0.60062	0.027303	0	0	-0.45192	0	0	0	0.83317	0	0	0	0	0	0.1881	0	0	0	0
CACNA1H	0	0.86254	0	0	0	0	0	0	0	0	0	0	0	0	0	0	0	0	0	0	0	0	0	0	0	0	0	0	0	0.94601	0.10777	0	0.98736	0	0	0	0.44391	0.80768	0	-0.89261	-0.55353	0	0	0	0.70132	0	0	0	0	0	0	0	0	0	0	0	0	0	0
CACNG4	0	0	0	0	0	0	0	0	0	0	0	0	0	0	0	0	0	0	0	0	0	0	0	0	0	0	0	0	0	0.084387	0.97336	0	0	0	0.94601	0	0	0	0	0	0	0	0	0	0.9722	0	-0.42809	0	0	0	0	0	0.64866	0	0	0	0	0	0
CADPS	0	0	0	-0.43362	0.87641	0	0	0	0	0	0.27869	0	0.63375	0.5487	0	0	0	0	0	0	0	0	0	0	0	0	0	0.32805	0	0.027303	-0.63416	0	0.971	0.4043	0.94031	0	0	0.59327	0	-0.63201	0.15832	0	0	0	0.86101	0	0	0	0	-0.66039	0	0	0.1881	0	0	0	0	0	0
CAMK2B	0	0	-0.41466	0.34932	0.29533	0	0	0	0	0	0.61611	0	0	0	0	0	0	0	0	0	0	0	0	0.71888	0	0	0	0.29533	0	0	0	0	0.79438	0	0.98563	0	0.95799	0.21727	0	0	0	0	0	0	0.10029	0	0	0.96943	0	0	0	0	0	0.74886	0	0	0	0	-0.38129
CATSPERB	0	0.31152	0	0	0	0	0	0	0.39504	0	0	0	0.60863	0	0.87476	0	0	0	0	0	0.94403	0	-0.51908	0	0.17332	0	0.30343	0.068278	0	-0.91144	0.027303	0	0	0	0	0	0	0	0	0.77311	0.21045	-0.65428	0	0.20355	0	0	0	0.10029	-0.54511	-0.38653	0	0	0.80768	0	0	0	0.11582	0	0.95147
CBFA2T3	0	0	0	-0.35432	0.50967	0	0	0	0	0	0	0.28724	0	0	0	0	0	0	0	0	0	0	0	0	0	0	0	0	0	0.21727	0	0	0	0	0	0	0.21045	0	0	0	-0.94217	0.81429	0	0	0.73779	0	0	0.93656	0.87278	0.45609	0	0	0.82053	0.87641	0	0	0	0	0
CCDC85B	0	0	0	-0.42767	0.9278	0	0	0	0.84337	0	-0.73119	0.19533	0	0	0	0	0.97749	0	0	0	0	0	0.68092	0	0	0	0	0	0	0	-0.56733	0	0	0	0	0	0	0.27869	0	0	0.16638	0	0	0	0	0	0	0.084387	0	-0.82433	0	0	0.076869	0	0	0	0	-0.64325	-0.80768
CD200	0	0	0.3532	0	0	0	0	0	0	0	0	0	0	0	0	0	0	0	0	0	0	0	-0.73119	0	0	0	0.45576	0.94403	0	0	0	0	0	0	0	0	0	0.43722	0	0.67307	-0.82772	0	0	0	0.96171	0	0	0	0.79083	0.88616	0	0	0	0	0	0	0	0	0
CD52	0	0	-0.94403	0	0	0.78207	0	0	0	0	0.96171	0.28724	0	0	0	0	0	0	0	0.0067328	0	0	0	0	0	0	0	0	0.728	0	0	0	0	0	0	0	0.35328	-0.77311	0	0	0	0	0	0	0	0	0	0	0	0	0	0	0	0.35977	0	0	0	0	0
CD99L2	0	0.96026	-0.51161	0	0	0	0	0	0	0	0	0	0	0.1881	0	0	0	0	0	0	0	0.50363	-0.48934	0	0	0	-0.41466	0.31152	0	0.86679	-0.49831	0	0.95799	0	0	0	0	0.54742	0	0	0	0	0	0	0	0	0	0.37571	0.63994	0	0	0	0.84998	0	0	0	0	0	-0.82148
CDH22	0	0	0	0.092482	0.67877	0	0	0	0.54548	0	0.27096	0	0	0	0	0	0	0	0	0	0	0	0	0	0	0	0	0	0	0.79228	0.084387	0	0.99356	0	0.060595	-0.5537	0	0	0	0	0	0	0	0.69211	0.48331	0	0	0	0	0.13057	0	0	0.21727	0	0	0	0.70781	0	-0.50851
CDH5	0	0	0	0.54469	0.69917	0	0	0	0	0	0	0	-0.83994	0.77922	-0.67741	0	0	0	0	0	0	0	0	0	0	0	0	0	0	0.27869	0.035399	0	0.92577	0.4988	0	0	0	0.068278	0.42243	-0.5102	-0.98827	0	-0.46431	0	0	0	0.060595	0	0.9722	0.71074	0	0	-0.45093	0	0	0.73899	0	0	0
CDKN1C	0	-0.89938	0	0	0.70715	0	0	0	-0.71293	0	0	0.19533	0	0	0	0	0	0	0	0	0	0.12321	0	0	0	0	0.46658	0	0	0.56382	0.95568	0	0	0	0	0	0.9278	0.94031	0	0	0	0.59463	0	0	0	0	0	0.016605	0.72074	0.29533	0	0	0.97889	0	0	0	0	0	-0.96353
CDRT4	0	0	0	0	0	0	0	0	0	0	0	0	0.29533	0	0.12321	0	0	0	0	0	0	0	0	0	0	0	0	0.3974	0	0.21727	0.37241	0	0	-0.46778	0.72441	0.21727	0.49112	0	-0.67162	0.092482	0	0	-0.59488	0	0	0	0.74886	-0.99496	-0.71409	0	0	0	-0.71074	0	0	-0.91322	0	0	0
CELA3A	0	0	0	0	0	0	0	0	0	0	0	0.28724	0.23296	0	-0.91144	0	0	0	0	0	0	0	0	0	0	0	0.23961	0	0	0.25535	0.084387	0	0	0	0.98996	-0.63057	0	0	-0.66518	0.98001	0.16638	0.34915	0	0	0	0	0	0.027303	0.53139	0	0	0	0	0	0	0	0	0	0.22515
CELA3B	0	0	0.016605	0	0	0	0	0	0	0	0	0	0.052045	0	-0.8691	0	0	0	0	0	0	0	0	0	0	0	0	0	0	0.93656	-0.93656	0	0	0	0	0.34044	0.87278	0	-0.76258	0.98637	-0.71458	0.66518	0.91322	0	0	0	0	0	0	0.027303	0	0	0.87476	0	0	0	0	0	0.14469
CELF3	0	0	0.23961	0	0	0	0	0	0	0	0	0.98249	0	0	0	0	0	0	0	0	0	0	0	0	0	0	0.44506	0.31941	0	0	0	0	0	0	0	0	0	0	0	-0.63817	0	0	0	0	0.99847	0	0	0.59983	0.58831	0	0	0	0	0	0	0	0	0	0
CHGA	0	0	0	0	0	0	0	0	0	0	0	0	0	0	0	0	0	0	0	0	0	-0.91144	0	0	0	0	0	0	0	-0.99281	0.96026	0	0.99988	0	0	0	0	0	0	0	0	0	0	0	0	0	0.88616	0	-0.38484	0	0	0	0.30343	0	0	0	0	0	0
CHGB	0	0	0	0	0	0	0	0	-0.8178	0	0.9722	0	0	0	0	0	0	0	0	0	0	0	0	0	0	0	0	0	0	0.42454	0.82148	0	0.60091	0	0.99913	0.56815	0	0	0	0	0.98736	0	0	0	0	0	0	-0.95374	0	0	0	0	-0.73065	0	0	0	0	0	0.0067328
CHRNA1	0	0	0.20355	0	0	0	0	0	0	0	0.67398	0.24796	-0.97476	0	0	0	0	0	0	0	0	0	0	0	0	0	-0.40145	0.55353	0	0.47542	0	0	0.99748	0.64585	0.7126	-0.76712	0	0	0	0	0	0	0	0	-0.78476	0	0.15832	0.46117	0.6905	-0.42503	0	0	0	0	0	0	0	0	0.12321
CHRNA3	0	0	0	0	0.27869	0	0	0.79405	0	0	0.1881	0	0	-0.36113	0	0	0	0	0	0	0.16638	0	0	0	0	0	0	0	0	0	0	0.39546	0.72986	0	0	0	0	0.04399	0	0.34552	0	0.61041	0	0	0.25535	0	0	0	0	0	0	0	0	0.31152	0	0	0	0	0
CHRNB2	0	-0.70458	0	0.28724	0.62032	0	0	0	0.42871	0	0.40917	0.93656	0.63143	-0.59888	0	0	0	0	0	0	0	0	0	0	0	0	0	0	0	0.60062	0	0	0	0	0	0	0	0.81524	0	0	0.17332	0	0	0	0	0	0	0	0.89488	0	0	0	0.85663	0	0	0	0	0	0
CIB4	0	0	0	0	0	0	0	0	0.30343	-0.5684	0.5178	0	-0.53416	0	0	0	0	0	0	0	0	0	0	0	0.31941	0	-0.60359	0	0	-0.66093	0.20355	0	0.37109	-0.57125	0.71169	0	0	0.24796	-0.74201	0	-0.86456	0.37154	0	0	0.11582	0	0	0	-0.51549	0.027303	0	0	-0.76501	0	0	0	0	0	0
CLCNKA	0	0	0	0	0.86456	0	0	0	0	0	0.15118	-0.95147	0	0	-0.85663	0	0	0	0	0	0	0	0	0	0	0	0	0	0	-0.47365	0	0	0.91322	0	0	0	0.20355	0	0	0	0	0	0	0	0	0	0	0.83635	0.57113	0.35696	0	0	0	-0.93891	0	0	0	0	0
CLPS	0	0	0	0	0	0	0	0	0	0	0	0.25535	0	0	0	0	0	0	0	0	0	0	0	0	0	0	0	0	0	0	0	0	0.99632	0.82887	0.98637	0	0	0.027303	-0.95147	0	-0.75857	0	0	0	0	0	0	0	0	0	0	0	0.86456	-0.88385	0	0	0	0	0
CNIH2	0	0	0	0.31152	0	0	0	0	-0.79736	0	0.32805	0.98637	0	0	0.10777	0	0	0	0	0	0	0	0	0	0	0	0.21045	0.64325	0	0.34932	0.59091	0	0	0	0	0	0	0	0	0.98827	0.27096	0.30343	0	0	0.98736	0	0.86679	0.70669	-0.66981	0	0	0	0.42701	0	0	0	0	0.16638	-0.66039
COL16A1	0	0	0.54531	0	0	0	0	0	0	0	0	0	0	0	0.23961	0	0	0	0	0	0	0	0.28724	-0.6247	0.068278	0	0	0.39562	0	0.084387	0.44643	0	0.98893	0	0	0	0.88141	0.97476	0	-0.82772	0	-0.71702	0	0	0	0	-0.8178	0.97476	0.9482	0.40145	0	0	0.035399	0.10777	0	0	0	0	0
CPA1	0	0	0.14469	0	0	0	0	0	0	0	0.25535	0	0	0.47976	0	0	0	0	0	0	0	0	0	0	0	0	0.32805	0	0	0.27096	0.44073	0	0	0	0	0	0	0	0	0	-0.4463	0	0	0	0.90669	0	-0.74473	0.11582	-0.52491	0.47497	0	0	-0.85828	0.25535	0	0	0	0	-0.83635
CPE	0	0	0	0	0	0	0	0	0	0	0	-0.35432	0	0	0.72123	0	0	0	0	0	0	0	0	0	0	0	0.55766	0	0	0	0.26378	0	0	0	0	0	0	0	0.60814	0	0.17332	0.72305	0.95374	0	0	0	-0.46997	0.9482	0.86679	0.91722	0	0	-0.93656	0	0	0	-0.79438	-0.65064	0
CPLX1	0	0	0.17332	0	0	0	0	0	0	0	0	0	0	0.68563	0	0	0	0	0.47381	0	0	0	0	0.67741	0	0	-0.37926	0.82148	0	0.9278	0.29533	0	0.79211	0	0.83143	0	0	0.39042	0	0	0.060595	0.25535	0.016605	0	0	0	-0.8304	0.3931	0	0.23961	0	0	0.20355	0	0	0	0.24796	0	0
CR627206	0	0	0	0	0	0	0	0	0	0	0	0.15118	0	0	0	-0.9665	0	0	0	0	0	0	0	0	0	0	0	0	0	0.27869	0	0	0	0	0	0.90913	0.20355	0	0	0	0	0	0	0	0	0	0.65853	0	0	0	0	0	0.28724	0	0	0	0	0	0.15832
CRISPLD2	0	0	0	-0.39434	0.89488	0	0	0	0.94031	0	0.30343	0	0.63143	0	-0.39591	0	0	0	0	0	0	0	0	0	0	0	0	0	0	0.14469	-0.51834	0	0.95374	0.23961	0.94031	0	0	0.28724	0.24796	0	0	0	0	0	0	0	0	0	0	-0.61454	0	0	0.7741	0	0.61594	0	0.68092	0	0
CRLF1	0	0	0	0	0	0	0	0	0.56324	0	0.41921	0.32805	0	0	0	0	0	0	0	0	0	0	0	0	0	0	0	0	0	0.74093	-0.55964	0	0	0	0	0	0.22515	-0.70409	0	0.48996	-0.4886	0	0	0	0	0	0.65923	0.60359	0	0.49442	0	0	0.88819	0.80636	0	0	0	0.31152	-0.64436
CSF1R	0	0	0.49723	0.1881	0.61636	0	0	0	0.88616	0	0	0.035399	0	0.30343	-0.96501	0	0	0	0	0	0	0	0	0	0	0	0	0	0	0.82887	0	0	0	0	0.89938	0	0.51132	0	0	-0.66435	0	0	0	0	0	0	0	0.54932	0.83635	0	0	0	0.82553	0	0	0	0	-0.46753	0
CSH1	0	0	0	0	0	0	0	0.78439	0	0	0	0	0.59756	0.98996	0	0	0	0	0	0	0	0	0	0	0	0	0	0	0	0	0	0	0	0	0	0	0	0	0	0	0	0	0	0	0	0.59967	0	0	0.7853	0	0	0	-0.77951	0	0	0	-0.7874	0	0
CSH2	0	0.32805	0	0	0	0	0	0.94217	0	0.04399	0	0	0	0.71599	0	0	0	0	0.40268	0	0	0	0	0	0	0	0	0.27869	0	0	0	0	0	0	0	-0.56964	0	0	0	0	0	0	0	0	0	0.51491	0	0	0	0	0	0	0	0	0	0	0	0	0
CTSL2	0	0	0	0.28724	0	0.96171	0	0	0	0	0	0	0	0	0	0	0	0	0	0	0	0	0.63589	0	0	0	0	0	0.052045	0	0	0	0	0	0	0.55514	0.31152	0	0	0	0	0	0.1881	0	0	0	0	0	0	0	0	0	-0.63057	0	-0.93222	0	0	0	0
CTXN1	0	0	0.53011	0	0	0	0	0	0	0.94601	0.74717	0.47166	0	0	0.1881	0	0	0	0	0	0	0	0	0	0	0	0	0	0	0.23296	0.052045	0	0	0	0	0	0	-0.34684	0	0	0	0	0	0	0.97336	0	0	0	0	-0.74093	0	0	0.79017	0	0	0	0	0	0
CYGB	0	0	0	0	0	0	0	0	0	0.36464	-0.4297	-0.90202	0	0	-0.71016	0.72441	0	0	0	0	0	0	0	0	0	0	0	0	0	0	0	0	0	0	0	0	0	0.73247	0	0.90202	-0.48294	0	0	0	0	0	0.7247	0	0	0	0	0	0	0	0.21727	0	0	-0.80768	0
CYMP	0	0	-0.71351	0	0	0	0	0	0	0	0.62652	0.29533	0	0	-0.73994	0	0	0	0	0	0	0	0	0	0	0	-0.60599	0	0	0.63759	0.16638	0	0	0	0	0	0	0	0	0	-0.78166	0.57431	0	0	0	0	-0.62867	0.35328	-0.62441	0.035399	0	0	0	0.78967	0	0	0	0	0.67836
CYP27A1	0	0	0	0	0	0	0	0	-0.95568	0	0	0	-0.84692	0	0.31152	0	0	0	0	0	0	0	0	0	0	0	0	0.30343	-0.88819	0	0.36877	0	0	0	-0.64436	0	0.29533	0.97889	0	0	0	0	0	0	0	0	0	0.81429	0.9665	0.10777	0.53395	0	0.64411	0	0	0	0	0	0
DACH1	0	0	0	0	0	0	0	0	0	0	0	-0.53701	0	0.87641	0.5418	0	0	0	0	0	0	0	0	0	0	0	0.63726	0	0	0.27869	0.04399	0	0.98344	0	0	0	0	0	0	0	0.75394	0	-0.46088	0	0.87096	0	0	0	0.46691	0	0	0.69314	0	0	0	0	0	0	-0.54767
DKFZp564E1082	0	0	0	0	0	0	0.65428	0	0	0	0	0	0	0	0	0	0	0	0	0	0	-0.70458	0	0	0	0	0	0	0.23296	0	0	0	0	0	0	0.46208	-0.3938	0	0	0	0	0	0	0	0	0	0	0	0	0	0	0	-0.4114	0	0	0	0.27869	0.85308	0.66894
DKFZp686O16217	0	0	0	0	0	0.95799	0	0	0	0.31941	0	0	0	0	-0.37038	0	0	0	0.28724	0	0	0	0	0	0	0	0	0	0.86254	0.32805	0	0	0	0	0.87278	0	0.0067328	0	0	0	0	0	0	0	0	0	0	0	0.52445	0	0	0	0.40045	0.82433	0	0.52796	0	0	0
DLL1	0	0	0	0.21727	0.92396	0	0	0	0	0	0	0.27096	0	0	0	0	0	0	0	0	0	0.060595	0	0	0	0	0	-0.66832	0	0.90913	-0.47195	0	0	0	0	0	0	0	0	0.23296	-0.61396	0.72962	0	0	0.76258	0	0	0	0.81524	0	0	0	0.83804	0	0	0	0	0.28724	0
DLL4	0	0.092482	0	0	0.15832	0	0	0	0.31152	0	0	0	0	0.15832	0	0	0	0	0	0	0	0	0	0	0	0	-0.49674	0	0	0	0	0	0.98121	0	0	0	0.0067328	0.68178	0	-0.82292	-0.47253	-0.53449	0	0	0	0	-0.96501	0.67877	0.8905	0.78389	0	0	0.052045	0	0	0	0	-0.51875	0.052045
DNAJC12	0	0	0	0	0	0	0	0	0	0	0.83474	0	-0.55217	0.13057	0	0	0	0	0	0	0	0	0	0	0	0	0	0	0	0.40558	0.29533	0	0	0	0.99959	0	0	0	0	0	0	0	0	0	0.78385	0	-0.76663	-0.52086	0	0.052045	0	0	0	0	0	0	0	0	0
DOCK8	0	0	-0.39178	0	0	0	0	0	0	0.12321	0.75717	0	0	0.91722	0	0	0	0	0	0	0	0	0	0	0	0	0	0.43428	0	0	0	0	0	0.32805	0.98563	0	0	0.59166	0.31152	0	0.12321	0	-0.74312	0	0	0	0	0	0	0.59397	0	0	0	0.30343	0	0	-0.82292	0.5487	0
DPCR1	0	0	0	0	0	0	0	0	0	-0.74312	0	0	0	0	0	-0.58154	0	0	0.21727	0.11582	0	0	0	0	0	0	0	0	0.3974	0	0	0	0	0.94217	0	0	0	0.035399	0	0	0	0	0	0.27096	0	0	0	-0.9482	0	0.068278	0	0.86679	0	0	0	0	0	0	0
DPEP1	0.19533	0	0	0	0.15118	0.060595	0	0.092482	0	0	-0.80768	-0.89261	0	0	0.84337	0	0	0	0	0	0	0	0	0	0	0	0.78439	0.67794	0	0	0	0	0	0	0	0	0	0	0	0	0	0.55597	0	0	0.87278	0	0	0	-0.53176	0	0	0	-0.93222	0	0	0	0	0	0
DPYSL3	0	0.87641	0	-0.41029	0	0	0	0	0.48418	0	0	0	0.59265	0	0	0	0	0	0	0	0	0	0	0.25535	0	0	0	0.17332	0	0	0.084387	0	0.7494	0	0.59488	0	0	0.36799	-0.60318	0	0	0	0	0	0	0	0	0.45853	0.89488	0	0	0	0.90202	0.5418	0	0	-0.63375	0	0
DPYSL4	0	0.93222	0	-0.62032	0.94601	0	0	0	-0.88819	0	-0.77451	0	0	0	0	0	0	0	0	0	0	0	0	0	0	0	0	0	0.31941	0	0	0	0	0	0	0	0	-0.96171	0	0	-0.48273	0	0	0	0	0	0	0	0.076869	0	0	-0.59637	0	0	0	0	0	0	0
DQ588114	0	0	0	0	0	0	0.78121	0	0	0	0	0	0	0	0	0	0.59211	0	0	0	0	0	0	0	0	0	0	0	0	0	0	0	0	0	0	0	0	0	0	0	0	0	0	0	0	0	0	0.16638	0.30343	0	0	0.016605	0	0	0	0	0	-0.63102	0
DRD2	0	0	0.21727	0	0	0	0	0	0	0	0	0	0.20355	0	0	0	0	0	0	0	0	0	0	0	0	0	-0.75523	0.96026	0	0.48674	0	0	0	0	0.95568	0	0	-0.50516	-0.71198	0	-0.55675	0	0	0	0	0	-0.81429	0	-0.76501	-0.38955	0	0	0	0	0	0	0	0	0
DSCAML1	0	0	0	0	0	0	0	0	-0.96799	0	0	0	0	0	0.26378	0	0	0	0	0	0	0.15832	0	0	0	0	0.76055	0.65564	0	0	0.50516	0	0.97637	0	0.96501	0	0	0	0.43474	0	0	0	0.0067328	0	0	0	0.035399	0.53928	0.93222	0.59397	0	0	-0.39504	0	0.62338	0	0	0	0
DYNC1I1	0	0	0	-0.79971	0	0	0	0	0.43598	0	0.19533	0	0	0.20355	0.13825	0	0	0	0	0	0.729	0	0.30343	-0.41276	0	0	0	0	0	0.84337	0	0	0.53969	0.23961	0	0	0.78806	0	0	0	0	0.27096	-0.63247	0	0	0	0.30343	0.86254	0	0.31152	0	0	0.66435	0	0	0.39455	-0.41508	0.56584	0
E10222	0	0	0	0	0	0	0.78042	0	0	0	0	0	0	0	0	0	0.42945	0	0	0	0	0	0	0	0	0	0	0	0	0	0	0	0	0	0	0	0	0	0	0	0	0	0	0	0	0	0	0.27096	0.30343	0	0	0	0	0	0	0	0.035399	-0.41772	0
ELFN1	0	0	0	-0.40838	-0.47732	0.58666	0	0	0	0	0	0	0	0	0	0	0	0	0	0	0	0	0	0	0	0	0	0	0	0.82292	0.80281	0	0	0	0	0	0	0	0.36464	0	0	0	0	0	0.97336	0	0	0	0	0	0	0	0	0	0	0	0	0	0
ENPP2	0	0	0.55324	0	0	0	0	0	0	0	0.50112	0.15832	0	0	0	0	0	0	0	0	0	0	0	0	0	0	-0.4114	0.13057	0	0.72986	0	0	0	0	0.99748	0	0	0	0	0	0	0	0	0	0	0	0	0	-0.94601	0.5957	0	0	0	0	0	0	0	0	0
EPHB3	0	0	0	0	0.83635	0	0	0	0	0	0.78331	0	0	0	0	0	0	0	0	0	0.15118	0	0	0	0.52536	0	-0.76311	0.98001	0	0.61413	-0.96026	0	0	0	0.85502	0	0	-0.78166	0	-0.90669	0	0.4297	0	0	0	0	0	0.40558	0.22515	0	0	0	0.4069	0	0	0	0	0	0
EVA1A	0	0	0.61219	0	0	0	0	0	0	0	0.068278	0.55684	-0.61702	0	-0.67675	0	0	0	0	0	0	0	0	0	0	0	0.068278	0	0	0.77951	0.68112	0	0.83804	0.076869	0	0	0	0	-0.82148	0	0	0	0	0	0	0	0.22515	0.31152	0.23296	0	0	0	0.57621	0	0	0	0	0	0
FAIM2	0	0	0.25535	0	0	0	0	0	0	0	0.52164	-0.78319	0.73337	0	-0.91322	0	0	0	0	0	0	0	0	0	0	0	0	0	0	0.71797	0.0067328	0	0	0	0	0	0	0	0	0.98459	0	0	0	0	0	0	0.91144	-0.74201	-0.96353	-0.92577	0	0	0.37542	0	0	0	0.44287	0	0
FAM105A	0	0	0	0	0	0	0	0.95374	0	0.15832	0	0	0	0.9278	0	0.92197	0.092482	0.81033	0	0	0	0	0	0.70983	0	0	0	0	0	0	0	0	0.84192	0	0	0	0	0	0	0	0	0	0.58319	0	0	0	0	0	0	0	0.12321	0	0.28724	0	0	0	0	0	0
FAM110B	0	0	0	0.13057	0.8905	0	0	0	0	0	0	0	0	0.63548	-0.7703	0	0	0	0	0	0	0	0	0	0.016605	0	0.23296	-0.48876	0	0.53486	0	0	0	0	0	0	0	0	0	0.65973	-0.47295	0	0	0	0.85502	0	-0.60012	0	0.15832	0	0	0	0.34812	0	0.13825	0	0.91553	0	-0.85308
FAM126A	0	0	0.49426	0	0	0	0	0	0	0	0.49372	0	0	0.79228	-0.5608	0	0	0	0	0	0	0	0.29533	0	0	0	0	0	0	0.016605	0	0	0	0	0.97889	0	0.20355	0	0	0	0.64878	0.91553	0	0	0	0	-0.90669	0	0.96026	0	0	0	0	0	0	0	0	0	0.87641
FAM167A	0	0	0	0	0	0	0	0	0	0	0	0	0.88141	0.1881	-0.78629	0	0.0067328	0	0	0	0	0	0	0	0	0	0	0	0	0.55324	0	0	0.89938	0	0	0	0	0.52346	0	-0.66518	0.45048	0.44147	0	0	0.89261	0	0.084387	0.83317	0.57559	0.34676	0	0	0.35655	0	0	0	0	0	0.14469
FAM46C	0	0	0	0	0	0.92197	0	0	0	0	0	0	0	0	0	0	0.42887	0	0	0	0	0	0	0	0	0	0	0	0.48963	0.43672	0	0	0	0	0.31152	0	0	0	0	0	0	0	0.0067328	0.24796	0	0.21045	0	0	0.52557	0	0	0.47274	0.4601	0.84692	0	0.64411	0	0	0
FAM65C	0.29533	0	0	0	0	0.75436	0	0	0	0	0	0	0.90434	0	0	0.27096	0	0	0	0	0	0	0	0	0	0	0	0	0	0.32805	0	0	0.25535	0.15832	0.084387	0	0	0	0	0	0	0	0	0.44614	0	0	0	0	0.32805	0	0	0.41834	0	0.15118	0	0	0	0	0.23961
FFAR2	0	0	0	-0.65399	0.79108	0	0	0	0	0	0.36832	0.13057	0.43974	0	0.027303	0	0	0	0	0	0	0	0	0	0	0	0.60487	0	0	0.43346	0	0	0	0	0	0	0.28724	0	0.54655	0	0	0	0	0	0.93036	0	0	0	0.53139	0.10777	0	0	0	0	0	0	-0.73337	0	0
FJX1	0	0.68236	0	0	0	0	0	0	0.98459	0	0.27096	-0.70574	0	-0.95568	0	0	0	0.98249	0.63693	0.36675	0	0	0	0	0	0	0.22515	0.27096	0	0.79228	0.14469	0	0	0	0	0	0	0	0	0.016605	-0.47398	0	0	0	0.13057	0	0.75324	0.31152	0	0	0	0	0	0	0	0	0	0	0.72045
FLJ00385	0	0	0	0	0	0.90669	0	0	0.23961	0	0	0	0	0	-0.76002	0	0	0	0	0	0	0	0	0	0	0	0	0	0.95147	0.37187	0	0	0	0	0.71904	0	0	0	0	0	0	0	0	0	0	0	0	0	0	0	0	0	0.82772	0.79542	0	0	0	0	0
FLJ38723	0	0	0	0	0	0.71615	0	0	0.027303	0	0	0	0	0	0	0	0	0	0	0	0	0	0	0	0	0	0	0	0	0	0	0	0.27096	0	0.39021	0	0.74201	0	0	0	0	0	0.23961	0.77893	0	0.37336	0	0	0	0	0	0.87096	0	0.84998	0	0.27096	0	0	0
FLT1	0	0	0	-0.5178	0	0	0	0	0	0	0.36452	0	0.59864	0.73717	0.41276	0	0	0	0	0	0	0	0	0	0	0	-0.67955	0	0	0.47691	0.32805	0	0.96799	0	0.90434	0	0	0	0.26378	0	-0.86101	0.56241	0.84692	0	0	0	-0.43317	0	0.56658	0	0	0	0.53523	0	0	0	0	0	0
G0S2	0	0.23961	0	0.23961	0.81524	0.068278	0	0	0.21727	0	0.8304	-0.83143	0	0	0	0	0	0	0	0	0	0	0	0	0	0	0	0	0.052045	0	0	0	0	0	0	0	0	0.72074	0	0	0	0	0	0	0	0	0.28724	0	0	0.60297	0	-0.6893	0.91144	0	0	0	0	0	0
GABBR2	0	0	0	0.027303	0	0	0	0	0	0	0	0	0.13825	0.85828	0	0	0	0	0	0	0	0	0	0	0	0	0	0.78658	0	0	0.27869	0	0	0	0.96171	0	-0.4095	0	0	0	0.36245	0.14469	0	0	0.77485	0	-0.8691	0.75717	0.61223	0.42664	0	0	0.027303	0	0	0	0	0	0
GABRE	0	0	0	0	0	0	0	0	0	0	0.052045	-0.87096	0	0	0	0	0	0	0	0	0	0	0.6292	0	0	0	0.41351	0.72255	0	0.68513	0.27096	0	0	0	0	0.83317	0	0.80392	0	0.63494	-0.43445	0	0	0	0	0	0	0	-0.76861	0.90913	0	-0.99281	0	0	0	0	0	0	0
GADD45G	0	0	-0.69773	0.70917	0.060595	0	0	0	0	0	0.36865	0	-0.66303	0	0	0	0.052045	0	0	0	0	0.65238	0	0	0.19533	0	0	0.25535	0	0.85308	0.30343	0	0.068278	0	0.0067328	0.49372	0	0	0	0	0	0.87278	-0.56778	0	0	0	0	-0.53548	0.18104	-0.67675	0	0.27096	0.7176	0.86679	0	0	0	0	0
GAL	0	0	0.96171	0.035399	0.23961	0	0	0	0.10777	0	0.76002	0.50876	0	0	0	0	0	0	0	0	0	0	0	0	0.19533	0	0.10777	-0.45308	0	0.12321	0.65973	0	0.3727	0	0.66406	0	0.73717	0.31152	0	0	0	0	0	0	0	0	0	0	0	0.11582	0	0	-0.68633	0	0	0	0	-0.75717	0.49517
GDF10	0	0	-0.60318	0	0	0	0	0	0	0.31941	0.8691	0.27096	0	0	0	0	0	0	0	0	0	0	0	0	0	0	0	0	0	-0.62235	0	0	0	0	0.98249	0	0	0.53234	0	0	-0.4886	0	0	0	0	0	-0.45853	0.60702	0	0.65196	0	0	0.94217	0	0	0	0.76002	0	0.26378
GFRA1	0	0	0	0	0	0	0	0	0	0	0.82433	-0.92197	0	0.83994	0	0	0	0	0	0	0.80207	0	0	0	0	0	0	0	0	0	0	0	0	0	0	0	0	0.6748	0	0	0.56002	0	0	0	0	0.11582	0.28724	0	0.90434	0.17332	0	0	0.89261	0	0	0	0	0	0
GGT5	0	0	0	0	0	0	0	0	0.91144	0	0	0	0	0	0	0	0	0	0	0	0	0	0	0	0	0	0	0	0	-0.73812	-0.39901	0	0	0	0.95374	0	0.83317	0	0	0	0	0	0.11582	0	-0.77683	0	0	0	0.7254	0	0	0	-0.64692	0	0	0	0	0	0.04399
GLT8D2	0	0.52569	0	-0.42598	0.31941	0	0	0	0.35419	0.13825	0.34279	0.31941	-0.76712	0	-0.81429	0	0	0	0	0	0	0.71458	0	0	0	0	0.016605	0	0	0.72255	0	0	0.98736	0.37798	0.84998	0	0.8905	0	0	0	-0.97637	0	0	0	0	0	0.10029	0.57811	0.18104	0	0	0	-0.46927	0	0	0	0	0	0
GNAO1	0	0	0	0	0	0	0	0	0.068278	0	0.88141	0.77266	0	0	0	0	0	0	0	0	0	0	0	0	-0.81685	0	0	0	0	0	0.34647	0	0.96353	0.027303	0.99959	0	0	0.56002	0	0	0.52627	0	0	0	0	0	0.36923	0.72685	-0.73147	0.7261	0	0	0.25535	0	0	-0.71809	0	0	0
GNG4	0	0	0.27869	0	0	0	0	0	0	0	0.15832	0.20355	0	0	0	0	0	0	0	0	0	0	0	0	0	0	0	0	0	0.1881	0.9278	0	0	0	0.91322	0	0	0.41	0	-0.43722	0	-0.65271	0	0	0.34027	0	0	0.62619	-0.76795	0.82656	0	0	0.56258	0.52247	0	0	0	0	0.29533
GOLGA7B	0	0	0.64663	0.22515	0.90202	0	0	0	0	0	0.14469	0.4494	0.38852	0	0	0	0	0	0	0	0	0	0	0	0.27096	0	0.19533	0	0	0.86679	-0.63057	0	0.971	0	0	0.72986	0.95568	0.15832	0	0	0	-0.57724	0	0	0	0	0.068278	0	0.10777	0	0	0	0.23961	0	0	0	0	0	0.92197
GPC2	0	0	0	-0.92197	0.73812	0	0	0	0.45423	-0.76382	0.53416	-0.38955	0	0	0	0	0	0	0	0	0	0	0	0	0	0	0	-0.69645	0	0	0	0	0.96171	0.81219	0	0	0.15832	0	0	0	0	0.50715	0	0	0	0	-0.94973	0	0.86679	0	0	0	-0.67728	0	0	0.1881	0	0	0
GRASP	0	0	0	0	0	0	0	0	0	0	-0.70892	-0.59839	0	0	0	0.11582	0.80281	0	0	0	0	0	0	0	0	0	0	0	0.16638	0	0	0	0	0	0	0	0	-0.4589	0	-0.82292	-0.70458	0	0	0	0	0	0	0.91144	0	0	0	0	0	0	0	0	0	0.48612	0
GRHL3	0	0	0.28724	0	0	0	0	0	-0.74824	0	0.068278	0	0	0	0.15832	0	0	0	0	0	0	0	0	0	0	0	0.016605	0.63866	0	0.052045	0.14469	0	0	0	0	0	0.56258	0.29533	-0.46055	-0.54577	0	0.59186	0	0	0.45642	0	-0.41276	0.50715	0.69211	0.084387	0	0	0.68711	-0.3689	0	0	0	0.24796	0.052045
GTF2IRD1P1	0	0	0.5	0	0	0	0.32805	0	0.64585	0	0.98344	-0.56477	0	0	0	0	0	0	0	0	0	0	0	0	-0.59529	0	0	0	0	0.79438	0.27869	0	0	0	0	-0.70611	0	0.20355	0	0	0	0	0	0	0.43189	0	0	0	0	0	0	0	0	0	0	0.5957	0	0	0
H1FX-AS1	0	0	0	0.19533	0.79831	0	0	0	0.59698	0	0.31941	0	0	-0.63804	0	0	0	0	0	0	0	0	0	0	0.30343	0	0	0.5715	0	0.10777	0	0	0	0	0	0	0.50112	0	0	-0.88385	0	0	-0.40777	0	0.81429	0	0	0	0.20355	0	0	0	0.1881	0	0	0	-0.7254	0.31152	0
HCP5	0	0	0.10029	0	0	0	0	0	0	0	0.38728	-0.89765	0	0	0	0	0	0	0	0	0	0	0	0	0	0	0.55919	0.7221	-0.42825	0.78806	0.10777	0	0	0	0.21045	0	0	0	0	0	0	0.94601	0	0	0	0	0.23961	0	0.84337	-0.46778	0	0	0	0	0	0	0	0	0.98563
HECW2	0	0	0	0	0	0	0	0	0.36043	0	0	-0.4178	0	-0.47472	0	0	0	0	0	0	0	0	0.23961	0	0	0	0.61446	0.73172	0	0	0.11582	0	0	0	0	0	0	0.48897	0.15832	0	0.23961	0.72392	0.82292	0	0.70223	0	-0.55258	0.55564	0.94403	0.75436	0	0	0.77988	0	0	0	-0.79083	0	0
HEPACAM2	0	0	0	0	0	0	0	0	0	0	0	0	0	0	0	0	0	0	0	0	0	0	0.44548	0	-0.50198	0	0	0	0	0.35432	0	0	0.96171	0.14469	0.99748	0	0	0	0	0	0	0.027303	0	0	0.79884	0	-0.86101	0	-0.79542	0	0	0	0.32805	0	0	0	0	0	0
HES6	0	0	0	0	0	0	0	0	0	0	0	0.36283	0	0	0	0	0	0	0	0	0	0	0	0	0	0	0	0	0	0	0	0	0.99356	0.9482	0.65679	0	0	0	0	0	-0.77485	0	0.22515	0	0	0	0	0	0.67551	0	0	0.10029	-0.56778	0	0.37187	0	0	0	-0.8905
HEYL	0	0	0	0	0.092482	0	0	0	0.84998	0	0.53594	0	0	0	0	0	0	0	0	0	0	0	0	0	0	0	0	0	0	0.74374	0.24796	0	0	0	0.86101	0	0	0.79831	0	0	0	0.66336	0	0	0.81524	0	0	0.27096	0	0	0	0	0.81685	0	0	0	0	0	0.10029
HGFAC	0	0	0	0	0	0	0	0	0	0	0.1881	0.55489	0	0	0	0	0	0	0	0	0	0	0	0	-0.62763	0	0	0	0	-0.3891	-0.39938	0	0	0	0	0	0	0	0	0	-0.77162	0.89488	0	0	0	0	0	0	0.84998	-0.68765	0	0	0.8071	0.82433	0	0	0	0	0
HIF1A-AS2	0	0	0	0	0	0	0.4817	0	0	0	0	0	0	0	0	0	0	0	0	0	0	0	0.19533	0	0	0	0	0	0	0.39397	0	0	0	0	0	0	0.29533	0	-0.42739	0	0	0	0	0	0	0	0	0	0	0	0	0	0	-0.53292	0	0	0	0.38166	0
HMGB3	0	0	-0.39789	0	-0.6722	0	0	0	0	0.84998	0	0.94217	0	0	0	0	0	0	0	0	0	0	0	0	0	0	-0.75613	0.20355	0	0	0	0	0	0	0	0	0	0	0	0	0	0.60962	0.96171	0	0	0	0	0	0.77761	0	0	0	0.95374	0	0	0	0	0.54511	-0.45085
HOPX	0	0	0.42214	0	0	0	0	0	0	0	0	0	0	-0.77658	0	0	0	0	0	0	0	0	0	0	0.035399	0	0.50789	0.23961	0	0.87278	0.40223	0	0	0	0	0	0	0	-0.95568	0	0	-0.8304	0	0	0.99434	0	0.19533	0	0.10029	0	0	0	0	0	0	0	0	0	0
HSPA2	0	0.11582	0	0	0	0	0	0	-0.6128	0	0.5005	0.30343	0	-0.42292	0	0	0	0	0	0	0	0.68315	0.65456	0	0	0	0.1881	0.10777	0	0	0.39128	0	0.95799	0.084387	0	0	0	0.44548	0	-0.48005	-0.66968	-0.82148	-0.38579	0	0	0	0	0.56361	0.76382	0.51549	0	0	0.027303	0	0	0	0	0	0.04399
HSPB7	0	0	0	0	0	0	0	0	0.17332	0	0	0	0	0	-0.42264	0.34341	0	0	0.38612	0	0	0.60669	0	0	0	0	0	0	0	0	0	0	0	0	0.84998	0	0	0	0	0	0	0.31152	0	0	-0.83635	0	0	0.78088	0	0	0	0	0	-0.80033	0	0	0	0	0
HV535469	-0.72181	0	0	0	0	0.092482	0	0	0	0	0	0	0	0	0	0	0	0	0	0	0	0	0	0	0	0	0	0	-0.54387	0	0	0	0	0	0	0	0.0067328	0	0	0.65543	0	0	0.57497	0.23296	0	0	0	0	0	0	0	0	0.1881	0	0.34469	-0.77204	0	-0.38129	0
IFNE	0.10029	0	0	0	0	0	0.56935	0	0	0	0	0	0	0	0	0	0	0	-0.44304	0.23961	0	0.27096	0	0	0	0	0	0	0	0	0	0	0	0	0	0	0	0	0	0	0	0	0	0	0	0	0.74824	0	0.20355	0	0	0	0.16638	0	0	0	0.74374	0.58967	0.46088
IGFBPL1	0	0	0	0	0.29533	0	0	0.8045	0	0	0.56898	0	0	0.27096	0	0	0	0	0	0	0.95147	0	0	0	0	0	0	0	0	0	0	0.67365	0.83804	0	0	0	0	0	0	0	0	0	0	0	0.40008	0	0	0	0	0	0	0	0	0	0	0	0	0	0
IGFN1	0	0	0	0	0	0	0	0	0	0	0.14469	0.25535	0	0	0	0	0	0	0	0	0	0	0	0	0	0	0	0	0	-0.58488	-0.90913	0	0.99157	0	0	0	0	0.26378	0	-0.68889	0	0	0	0	0	0	0	0.72226	0.91722	0	0	0	0.9482	-0.79884	0	0	0	0	0.26378
IGHG1	0	0	0	0	0	0.91322	0	0	0	0	0	0	0	0	-0.61826	0.13057	0	0	0.70322	0.75014	0	0	0	0	0	0	0	0	0.9482	0.88141	0	0	0	0	0	0	0	0	0	0	0	0	0	0	0	0	0	0	0	0	0	0	0.68455	0.79612	0	0	0	0	0
IL17C	0	0	0	0	0	0	0	0	0	0	-0.72334	-0.3651	0	0	0	0.90202	0	0	0.0067328	0	0	0	0	0	0	0	0	0	0	0	0	0	0.69314	0	-0.65196	0	0.84519	0	0	0	0	0	0	0	0	0	0.17332	0.27869	0	0.98736	0	-0.57237	0	0	0	0	0	0	0
INSM1	0	0	0	0	0	0	0	0	0	0	0	0	0	0	0	0	0	0	0	0	0	0	0	0	0	0	0	0.58488	0	0.32805	0	0	0.96171	0	0.96501	0	0.79228	0	0	0	0	0	0	0	0.84998	0	0	-0.63994	0.19533	0	0	0	0	0	0	0	0	0	0
IPO11-LRRC70	0	0	0	0	0	0	0.29533	0	0	0.20355	0	0	0	0	0	0	0.59909	0	0	0	0	0	0	0	0	0	0	0	-0.52759	0	0	0	0	0	0	0	0.43362	0	0	0	0	0	0	0	0	0	0	0	0.22515	0	0	0	0	0	0	0	0	0.027303	0
ITPRIP	0	0	0.016605	0	0	0	0	0	0	-0.71425	0.016605	0	0.9665	0	-0.67233	0	0	0	0	0	0	0	0.084387	0	0	0	0.15118	0.28724	0	0.7254	0	0	0.91322	0.78323	0.88141	0	0	0	0	0.22515	0	0	0	0	0	0	-0.83474	0.53717	0.37435	0	0	0	-0.36196	0	0	0.33895	0	0	-0.60987
JA760600	0	0	0	0	0	0	0.41722	0	0	0	0	0	0	0	0	0	0	0	0	0	0	0	0.4658	0	0	0	0	0	0	0.10777	0	0	0	0	0.04399	0	0.92396	0	-0.43924	0	0	0	0	0	0	0	0	0	0	0	0	0	0.035399	0	0	0	0	0	0
JAM3	0	0	0.31941	0	0	0	0	0	0	0	0.87641	-0.89261	0	0.80033	0	0	0	0	0	0	0	0	0	0	0	0	0.58476	0.67344	0	0.86254	0.75663	0	0	0	0	0	0	0	0	0	0	0	0	0	0.99748	0	0	0	-0.56002	0	0	0	-0.36712	0	0	0	0	0	0
KCNF1	0	0.8178	0	-0.99071	0.87278	0	0	0	0	0	0.65609	-0.50161	0	0	0	0	0.52164	0	0	0	0	0	0	0	0	0	0	0	0	0	0	0	0.78505	0	-0.39736	0	0	0	0	0	0	0	0	0	-0.7242	0	0	0.39042	0.82553	0	0	0	-0.81219	0	0	0	0	0	-0.79831
KCNH6	0	0	0	0	0	0	0	0	0	0	0.80033	0.99071	0	0	0.80281	0	0	0	0	0	0	0	0	0	0	0	0	0	0	0.56307	0.56258	0	0	0	0	0	0	0.31152	0	-0.56361	0	0	0	0	0.99748	0	0	0.016605	-0.84519	0	0	0	0	0	0	0	0	0.44548	0
KCNJ11	0	0	0	0.38695	0.83635	0	0	0	-0.79736	0	0	0	0	0	0	0	0	0	0	0	0	0	0	0	0	0	0	0	0	0.85171	0.62805	0	0.96501	0	0	0	-0.80913	0	0	0.016605	0.31941	0	0	0	0.83804	0	0	0.13825	0	0	0	0	0	0	0	0	0	0.31152	-0.37299
KCNK3	0	0	0	0	0	0	0	0	0	0	0	0	0	0	0.90434	0	0	0	0	0	0	0	0	0	0.092482	0	0	0.10777	0	0.23296	0.96501	0	0.99157	0.55134	0.79736	0	0.027303	0.56477	0	-0.54238	0	0.1881	0	0	0	0	0	0.44031	0.1881	0	0	0	-0.54007	0	0	0	0	0.21727	0
KCTD12	0	0	0	0	0	0	0	0	0	0	0.72685	0.21045	0	0	0.94217	0	0.18104	0	0	0	0	0	0	0	0	0	0	0.92396	0	0	0	0	0	0	0.99157	0	0.55171	0.67398	0	0.016605	0.86254	0	-0.75436	0	0.90669	0	0	0.61041	0.44242	0	0	0	0.55696	0	0	0	0	0	0
KIAA1324	0	0	0	-0.68765	0.83994	0	0	0	0	0	0.31152	0	0	-0.75147	0	0	0	0	0	0	0	0	0	0	0	0	0	-0.83143	0	-0.37955	0	0	0.035399	0	0.98827	0	0	0.64804	0.75919	0	0.91722	0	0	0	-0.53366	0	0	0	-0.41632	-0.77096	0	0	0.99281	0	0	0	-0.3677	0.0067328	0
KIF19	0	0	0	0	0.47774	0	0	0	0.48897	0	0	0.48591	0	0	0	0	0	0	0	0	0	0	0	0	0	0	0	0	0	0	0	0	0.99356	0	0.79347	0	0	0	0	0	-0.89261	0	0	0	0	0	0	0.18104	0.80636	0	0	0	-0.7185	0	0	0	0	0	0
KIF1A	0	0	0.99793	0	0	0	0	0	0	0	0	0	0	0	0	0	0	0	0	0	0	0	0	0	0	0	0	0	0	0	0	0.34738	0	0	0	0	0	0	0	-0.78629	0	-0.81685	0	0	0.99587	0	0	0	0	0	0	0	0	0	0	0	0	0	0
KIT	0	0	0	0	0	0.92197	0	0	0	0	0	0	0	0	0	0	0	0	0	0	0	0	0	0	0	0.38955	0	0	0	0	0	0	0	0.084387	0.93036	0	0	0	0	0	0	0	0	0.84692	0	0	0	0	0	0	0.76712	0	0.78753	0.1881	0	0	0	0	0
KLK12	0	0	0.14469	0	0	0	0	0	0	0	-0.55919	0.46997	0	0	-0.76382	0	0	0	0	0	0	0	0	0	0	0	0	0.22515	0	0.95568	-0.47633	0	0.99847	0	0	0	0	0	-0.39141	0.64048	-0.68166	0	0	0	0	0	0	0	0	0	0	0	0	0	0	0	0	0	-0.82887
LAPTM5	0	0.67604	0.45642	0	0	0	0	0	0	0.32805	0.38885	-0.53978	-0.86679	0	0	0	0	0	0	0	0	0	0	0	0	0	0.060595	0.37807	0	0.87641	0.15118	0	0	0	0	0.43974	0	0.54267	0	-0.82772	0	-0.90434	0	0	0.67794	0	0	0.85828	-0.45808	0.68724	0	0	0	0	0	0	0	0	0
LEFTY1	0	0	-0.34444	-0.80153	-0.49641	0	0	0	-0.86456	0	0.32805	0	0.28724	0	0	0	0	0	0	0	0.98637	0	0	0	0	0	0	-0.59637	0	0.10777	0	0	0	0	0	0	0.58385	0.63057	0	-0.86456	0	0.21045	0	0	0	0	-0.8304	0.51834	0.29533	0	-0.34221	0	0.90913	0	0.052045	0	0	0	0
LIMD2	0	0	0	0	0	0	0	0.23961	0	0.084387	0	0	0	0	0	0.95147	0.41632	0.45762	0.31152	0	0.60772	0	0	0	0	0	0	0	0.31941	0	0	0	0.23961	0	0	0	0	0	0	0.027303	0	0	0	0	0.10029	0	0	0	0.076869	0	0	0	0.28724	0	0	0	0	0	0
LINC00261	0	0.72123	0	0	0.85308	0	0	0	0.95568	0	0.49054	0	0	0.14469	0	0	0.78872	0	0	0	0	0	0	0	0	0	0	-0.5045	0	0	0	0	0.93036	0	0.97889	0	0	-0.69917	0	0	0	0.27869	-0.37513	0	0.80207	0	0	0	0	0	0	0	0	0	0.60896	0	0	0	0
LINC00842	0	-0.71809	0	0.30343	0.25535	0	0	0	0	0	0	0	0	0	0	-0.50017	0.027303	0	0	0	0.52751	0	0	0	0	0	0	0	0	0	0	0	0	0.13057	0	0	0.31941	0.17332	0	0	0	0.25535	0	0	0	0	0	-0.52705	0	0	0.016605	0	0	0	0	0	0	0	0
LINC00930	0	0	0	0	0	0	0	0	0.86254	0	0	0	0	0	0	0.69711	0.31941	0	0.72292	0	0.092482	0	0	0	0	0	0	0	0	0	0	0	0	0.81219	0.729	0	0.60178	0	0	0	0	0	0	0	0	0	0	0	0	0	0	0.31941	0.56258	0	0.44349	0	0	0	0
LINGO1	0	0	0.34341	0	0	0	0	0	0	0	0.12321	0.15832	0	0	0.62441	0	0	0	0	0	0	0	0	0	0	0	0	0	0	0.23296	0.70322	0	0.61755	0	0.052045	0	0.44329	0.28724	0	0	0	0	0	0	0	0	0.63102	0.82148	-0.83143	0.27869	0	0	0.72255	0	0	0	0	0	-0.35204
LMX1B	0	0.9482	0	0	0	0	0	0	0	0	0	0.41632	0	0	0.34325	0	0	0	0	0	0	0	0	0	-0.35093	0	0	0	0	0.20355	0.22515	0	0	0.59637	0.95799	0	0.61223	0.67493	0	0	0	0	0.48996	0	0.63201	0	-0.83143	0.68889	0	0	0	0	0	0	0	0	0	0	0
LOC100188947	0	0	0	0	0	0.28724	0.66646	0	0	0.076869	0.3392	0	0	0	0	0	0.23296	0.0067328	0	0	0.22515	0	0	0	0	0	0	0	0.052045	0.38728	0	0	0	0.46241	0.39042	0	0.65564	0	0	0	0	0	0	0	0	0	0	0	0	0	0	0	0.77096	0.092482	0	0	0	0	0
LOC100506123	0.23961	0	0	0	0	0	0.16638	0	0	0	0	0	0	0	0	0	0	0	0	0	0	0.22515	0	0	0	0	0	0	0	0	0	0	0	0	0	0	0	0	0	0	0	0	0.32805	0	0	0	0.32805	0	0.1881	0	0	0	0	0	0	-0.93891	0	0.084387	0.32805
LOC145837	0	0	0	0	0.32805	0.92197	0	0	0	0	0	0	0	0	0	0	0.92003	0.31152	0.19533	0.75394	0	0	0	0	0	0	0	0	0.46159	0	0	0	0.30343	0	0.78967	0	0	0	0	0	0	0	0	0	0	0	0	0	0	0	0	0	0.80558	0	0	0	0	0	0
LOC400891	0	0	0	0	0	0.95799	0	0	0	0	0	0	0	0	0	0	0.21045	0	0.28724	0	0	0	0	0	0	0	0	0	0	0.084387	0	0	0	0	0.48418	0	0.83317	0	0	0	0	0	0	0	0	0	0	0	0.1881	0	0	0	0.42454	0.81033	0.11582	0	0	0	0
LOC728392	0	0	0	0	0	0	0	0	0	0	0	0.4974	0	0	0	0	0	0	0	0.035399	0	0	0	0	0.69645	0.87922	0	0	0	0	0	0.95799	0.94031	0	0	0	0	0	0	0	0	0	0	0	0	0	0.076869	0	0	0	0	0	0	0	0	-0.63912	0	0	0
LRFN1	0.035399	0	0	0	0	0	0	0.13057	-0.70545	0	0	0	0	0	0	0	0	0	0	0	0	0	0	0	0	0	0	0	0	0	0	0	0	0	0	0	0	0.68178	0	0	0.1881	0	0	0	0	0	0	0	0.80636	0	0	0	0.92197	0.78765	0	0	0	0	-0.82656
LRIG1	0	0.0067328	0	0	0	0	0	0	0.94031	0	0	0	0.91722	0.04399	0	0	0	0	0	0	0	0	0	0	0	0	-0.92577	-0.68269	0	-0.49285	0.32805	0	0	0	0.96353	0	0	-0.74486	0	-0.78439	0	0.3931	0	0	0	0	0.25535	0	0.19533	0	0	0	0.83994	0	0	0	0.31941	0	0
LRRC10B	0	0	0.44783	0	0	0	0	0	-0.44758	0	0	0	0	0	0.11582	0	0	0	0	0	0	0	0	0	0	0	-0.38426	0.74473	0	0.60636	-0.36328	0	0.64572	-0.47596	0	0	0.81033	0.34746	0	0	0.31152	0.91322	0	0	0.23961	0	0	0.82887	0.3449	0.43643	0	0	0.93437	0	0	0	0	0	0
LRRN2	0	0	0	0	0	0	0	0	0	0	0	0	0	0	0	0	0	0	0	0	0	0	0	0	0	0	0	0	0	0.027303	0.04399	0	0.99157	0	0.92396	0	0	0.27869	0	0	-0.62189	0	0	0	0.5537	0	0.54007	0.15832	0.13825	0	0	0	0.54209	0	0	0	0	-0.68125	0.1881
LSP1	0.15118	0	0	-0.66039	0.81119	0	0	0	0	0	0.84519	-0.5898	0	0	0	0	0	0	0	0	0	0	0	0	0	0	0	0	0	0.37336	0.50715	0	0	0	0	0	0	-0.82553	0	0.96353	0	0	0	0	0	0	0	0	0	0	0	0	0.8304	0	0	0	0	0	0
LTBP2	0	0	0	0	0	0	0	0	0.5684	0	0	0.10029	0.84692	0	0.32805	0	0	0	0	0	0	0	0	0	0.44378	0	0	0.79884	0	0	0	0	0	0	0	0	0.40607	0	0	0	-0.62867	0.5974	0	0	0.98736	0	-0.88385	0	0.81524	0.6449	0	0	0.54238	0.076869	0	0	0	0.10029	0
LTF	0	0	0	0.71904	0.10029	0	0	0	0	0	0	0.89765	0	0	-0.61582	0	0	0	0	0	0	0	0	0	0	0	0	0	0	0.04399	0	0	0.89938	0	0.95568	0.63309	0	-0.62846	0.32805	-0.59888	0	0	0	0	0	0	0	0	0.75857	0	0	0	0	0	0	-0.728	0	0	0
LYPD8	0	0	0	0	0	0.61223	0.53788	0	0	0	0	0	-0.70892	0	0.24796	0	0	0	0	0	0	0	0	0	0	0	0	0	0	0	0.71718	0	0	0	0	0.42606	0	0	0	0	0	0	0	0	0	0	0	0	-0.48294	0.77728	0	0.21045	-0.90202	0	-0.70132	0	0	0	0
LZTS1	0	0	0.11582	0	0	0	0	0	0.56584	0	0	0	0	0	0	0	0	0	0	0	0	0	0.48976	0	0	0	-0.68158	0.68269	0	0.21727	0	0	0	0	0.98893	0	0	0	0	-0.85828	0	0.33812	0	0	0	0	0	0.17332	0.86254	0	0	0	0	0	0	0	0	0	-0.7261
MAD2L2	0	0	0	0	0	0	0	0	-0.80207	0	0.86101	0.31152	0	0	0	0	0	0	0	0	0	0	0	0	0	0	0	0	0	0	0	0	0	0	0	0	0.80768	0	0	0	-0.36832	0	0	0	0	0	0	0.73812	0	0	0	0	0.97637	0	0	0	0	0.74374	-0.96943
MAFA	0	0	0	0	0	0	0.10777	0	0	0.73812	0	0	0	0	-0.81685	0	0	0	0	0	0	0	0	0	0	0	0	0	0	0	0	0	0	0	0	0	0	0.51578	0	0	-0.72305	0.68315	-0.53395	0	0.35056	0	0	0.60297	0.84337	0	0	0	0	0	0	0	0	0	0.63189
MALAT1	0	0	0	0	0	0	0	0	-0.75717	0	0.21045	-0.98344	0	0	0	0	0	0	0	0	0	0	0	0	0	0	0.25535	0.23961	0	0.068278	0	0	0	0	-0.52672	0.36778	0	0.13825	0	0.17332	0	0.94403	0	0	0	0	0	0.40958	0.04399	-0.72441	0	0	0.45465	-0.92003	0	0	0.052045	0	0.92396
MAP6	0	0	0.19533	0	0	0	0	0	-0.76993	0	0.87641	0.1881	0	0	0	0	0	0	0	0	0	-0.43416	0	0	-0.56183	0	0	0.99281	0	0	0.17332	0	0.47691	0	0.98121	0	0	0	0	0	0.69979	0	0	0	0.94973	0	0	0.016605	-0.55027	0	0	0	-0.48674	0	0	0	0	0	-0.65874
MAPK4	0	0	0	0.10029	0.82772	0	0	0	0	0	0	0	0	0	0	0	0	0	0	0	0	0	0	0	0	0	0	0	0	0	0	0	0	0	0.99496	0	0	0	0	0	0	0	0	0	0.84692	0	0	0.82148	0.67398	0	0	0	-0.62619	0	0	0	0	-0.80636	0.24796
MATN2	0	0	0	-0.59637	0.084387	0	0	0	0.68472	0	0	0	0	0.24796	-0.49252	0	0	0	0	0	0	0	0	0	0	0	0	0.61809	0	0	0.24796	0	0.61983	0	0.83994	0	0.27869	0.30343	0	0	0	0.36712	0	0	0.55027	0	0	0	0.57972	0	0	0	0.89765	0.58154	0	0	-0.43618	0.14469	-0.48418
MDK	0	0	0.060595	0	0	0	0	0	0	0	-0.58633	0	0	0	0	0	0	0	0	0	0	0	0	0	0	0	0.27096	0.53907	0	0	0.57381	0	0.96171	0	0.27096	0	0	0.31152	0	0	-0.72767	0	0.74639	0	0	0	-0.92003	0	-0.90434	0.89488	0	0	-0.9665	0	0	0	0	0.23296	-0.42078
MEX3A	0	0	0.42528	0	0	0	0	0	-0.43226	0	0.052045	0	0	0	0	0	0	0	0	0	0	0	0	0	0	0	0	0.96026	0	0	0.15118	0	0	0	0	0	0	0	0	0	0	-0.71198	-0.89261	0	0	0	-0.85663	0	0.91722	-0.44329	0	0	0.95147	0	0.80281	-0.70983	0	0	0.31152
MEX3B	0	0.21045	0.61334	0	0	0	0	0	0	0	0	0.28724	0	0	0	0	0	0	0	0	0	0	0	0	0	0	0	0.95147	0.79228	0	0	0	0.98736	0	0.53032	0	0	0	0	0.33907	0	0	0	0	0	0	-0.89938	0.70182	0.98459	0.060595	0	0	0.10777	0	0	0	0	0.27869	0.54118
MLLT11	0	0	0	0	0	0	0	0	0	0	0.44242	-0.84519	0	0	0	0	0	0	0	0	0	0	0	0	-0.79736	0	0	0	0	0.66981	0.9665	0	0	0	0	0	0.57051	-0.8691	0	0	0.23961	-0.3689	0	0	0	0	0	0.60487	-0.7185	0.21727	0	0	-0.98459	0.24796	0	0	0	0.17332	0.11582
MMP11	0	0	0.092482	0	0	0	0	0	0.78872	0	0.47195	0.5178	0	0	-0.37831	0	0	0	0	0	0	0	0	0	0	0	0	-0.55258	0	0	0	0	0	0	0	0	0	-0.94973	0	0	0.21727	0	0	0	0	0	-0.5178	0.64866	0.96943	0.65456	0	0	0.96501	0.73899	0	0	0	0	0
MMP2	0	0	0.15118	0	0	0	0	0	0	0	0	0	0	0	0	0	0	0	0	0	0	0	0	0	-0.57761	0	0	0.93222	0	0	0.20355	0	0.89765	0.69645	0.90913	0	0	0.89488	0.12321	0	-0.37852	0.6292	0	0	0.65399	0	-0.79083	0	0	0	0	0	-0.75436	0	0	0	0	-0.65774	0
MPP2	0	0	-0.69455	0	0	0	0	0	0	0	0.69917	0	0	0	0	0	0	0	0	0	0	0	0	0	0	0	-0.65923	0.1881	0	0	0	0	0	0.41404	0.99356	0	0	0.49261	0.027303	0.25535	0.44957	0.32805	0	0	0.016605	0	0	0	-0.35328	-0.57237	0	0	-0.73466	0	0	0	0	0	-0.43722
MRPL34	0	0.016605	0.40636	0	0	0	0	0	0	0	0	0	0	0	0.14469	0	0.63866	0	0	0.92577	0	0	0	0	0	0	0	0	0	0.62429	0	0	0.28724	0	0.60772	0	0.6905	0.10777	-0.93036	0	0	0.405	0	0	0	0	-0.68596	-0.61504	0	0	0	0	0.50818	0	-0.91722	0	0	0	0.21727
MS4A8	0	0.28724	0.53123	0	-0.55171	0	0	0	0	0	0	0.55911	-0.51722	0	0.25535	0	0	0	0	0	0	0	0	0	0	0	0.70715	0	0	0	0.67534	0	0	0	0	0	0	0.084387	0.26378	0	0	0	0	0	0.96501	0	0.64242	0.48823	-0.92197	0.85828	0	0	-0.90434	0	0	0	0	0	0
MSI1	0	0	-0.44626	0	0	0	0	0	0	0	0	0.19533	0	0	0	0	0	0	0	0	0	-0.37166	0	0	0	0	0	0.9665	0	0.9482	0	0	0	0	0	0	0	-0.60178	0	0	0	0.88385	0.40884	0	0.81119	0	0	0.15118	0.26378	0	0	0	0.88819	0	0	0	0	0.71615	0
MUC15	0	0	0.91144	0	0	0	0	0	0	0	0.35923	0.21727	0	-0.78013	-0.67398	0.21045	0	0	0	0	0	0	0.79504	0	0	0	-0.54767	0.64139	0	0.83635	0.18104	0	0	0	0	0	0	0.64242	0	0	0	0	0	0	0	0.38649	0	0	0.74639	0	0	0	0	0	0	0	0	0	0
MUC5AC	-0.49223	0	0	0	0	-0.44994	0	0.11582	0	0.28724	0	0	0	0	-0.84692	0	0	0	-0.90434	0.40983	0	0	0	0	0	0	0	0	0.94973	0	0	0	0	0	0	0	0	0	0	0	0	0	0	0.52557	0	0	0	0	0	0	0	0	0.7703	0	0	0	0	0	0
MYBPC2	0	0	0	0	0	0.34444	0	0	0	0	-0.75436	-0.78967	0	0.72255	0	0.42214	0	0	0	0	0	0	0	0	0	0	0	0	0	0	0	0	0	0	0	0	0	0	0	0	0	0	0	0	0.94031	0	0.068278	-0.68038	0.26378	-0.56898	0	0	0	0	0	0	0	0	0
MYT1	0	0	0	0.93222	0	0	0	0	-0.61594	0	0.91553	0.084387	0	0.56117	0	0	0	0	0	0	0	0	0	0	0	0	0.016605	0.092482	0	0	0.052045	0	0	0.60636	0.99496	0	0	0	0.34114	0	0	0.18104	0	0	0.72053	0	0	0	-0.59529	0.67699	0	0	0.016605	0	0	0	-0.75812	0	-0.42454
NEURL	0	0	0	0	0	0.94217	0	0.8071	0	0	0	0	0	0	0	0.83474	0	0	0	0.31941	0	0	0	0.78323	0	0.32805	0	0	0	0	0	0	0.25535	0.0067328	0	0	0	0	0	0	0	0	0	0.84692	0	0.64473	0	0	0.50421	0	0	0	0	0	0	0	0	0	0
NEUROD1	0	0	0	0	0	0	0	0	0	0	0	0	0	0	0	0	0	0	0	0	0	0	0	0	0	0	0	0	0	0	0	0	0.93891	0	0.95799	0	0	0	0	0	0	0	0	0	0.99996	0	0	0	0	0	0	0	-0.84998	0	0	0	0	0	0
NEUROD2	0	0.42102	0	0	0	0	0	0	0.28724	0	-0.36043	-0.71528	0	0	0	0	0.28724	0	0.91322	0.90913	0	0	0	0	0	0	0.16638	0.60012	0	0.81219	0.83804	0	0	0	0	0	0	0	0	0	0	0	0.6962	0	0.37984	0	0	0	-0.38505	0.74886	0	0	0	0	0	0	0	0.31941	0.25535
NEUROG3	0	0	0	0	0	0.96799	0	0	0	0.19533	0	0	0	0	0	0	-0.37336	0	0.49162	0.84692	0	0	0	0	0	0	0	0	0.80504	0.66572	0	0	0	0	0	0	0.44304	0	0	0	0	0	0	0	0	0	0	0	0	0	0	0	-0.50074	0	-0.34717	0	0	0	0.75663
NHLH1	0.31941	0	0	0	0	0.15118	0	0	0	0	-0.81908	-0.88616	0	0	0	0.55713	0	0	0	0	0	0	0	0	0	0	0	0	0	0	0	0	0.016605	0	0	0	0	-0.38885	0	0	0	0	0	0	0	0.31941	0	0	0	-0.3392	0	0	0	0	0	0	0	0	0
NINJ1	0	0	0	0	0	0	0	0	-0.55721	0	-0.53366	0.76795	0	0	0	0	0	0	0	0	0	0	0.49492	0	0	0	-0.62189	0.17332	0	-0.4178	0.15832	0	0.75564	0.1881	0.70409	0	0	0.0067328	0	0.66968	0	0	0	0	0	0	0	0	-0.38125	0	0	-0.98249	0.62226	0	-0.34866	0	0	0	-0.83317
NKAIN1	0	0	0	0	0	0	0	0	0	0	0.43313	0.59091	0	0	0	0	0.39141	0	0	0	0	0	0	0	0	0	0.23961	0.26378	0	-0.61739	0.78166	0	0.79149	0.4974	0.4627	0	0	0.027303	0	0	0	0	0.26378	0	0	0	-0.94217	0	0.9482	0.068278	0	0	-0.82656	-0.76311	0	0	0	0.04399	0.31152
NKD1	0	0.40107	0	0	0	0	0	0	0.84692	0	0.61983	0.25535	0	0	0	0	0	0	0	0	0	0	0	0	0	0	0	0	0	-0.61198	-0.65456	0	0	0	0.98121	0	0	0.39042	0	0	0	0	0	0	0.76258	0	0	0.94973	0.87641	-0.33998	0	0	0	0	0	0	0	-0.63953	0
NKX2-2	0	0	0	0	0	0	0	0.99632	0	0	0	0	0	0	0	0	0	0	0	0	0	0	0	0.40202	0	0	0	0.78042	0	0	0	0	0.94973	0	0	0	0	0	0	0.85308	0	0	0	0	0.53333	0	0	0	0	0	0	0	0	0	0	0	0	0	0
NNMT	0	0	0.21045	0	0	0	0	0	0	0	0	0.53858	0.73172	0.17332	0.16638	0	0	0	0	0	0	0	0	0	-0.81685	0	0.22515	-0.47361	0	-0.43205	0	0	0	0	0.75394	0	0	0	0.20355	-0.37435	0.51875	-0.56551	0.3539	0	0.79005	0	0	0	0.41875	0.068278	0	0	0.76258	0	0	0	0.27869	0	0
NOTUM	0	0	0.22515	0	0	0	0	0	-0.3741	0.12321	0	-0.44019	0	0	0	0	0	0	0	0	0	0	0	0	0	0	-0.49162	0.24796	0	0	0	0	0.88385	0	0.79438	0.68794	0	0.65679	0	0	-0.5957	0	0	0	-0.72226	0	0	0.86679	0.53234	0	0	0	0.96799	0	0	0	0	0.48823	-0.90202
NOXO1	0	-0.90202	0.035399	-0.3651	0.44643	0	0	0	0.0067328	0	0.27096	0	0	0	0	0	0.46159	0	0.23961	0	0	0	0	0	0	0	0	0	0	-0.40822	-0.46241	0	0.17332	0	0	0	0	0.63548	0	0	0.13057	0	0	0	0	0	0.48389	0.97749	0.37877	0	0	0	0.94601	0	0	0.70322	0	0	-0.91553
NPSR1-AS1	0	0	0	-0.50636	0	0	0	0	0	0.0067328	0	0	0.83635	0	-0.6228	0	0	0	0	0	0	0	0	0	0	0	0	0.13825	0	0.5366	-0.35456	0	0	0	0.95147	0	0.54089	0.084387	0	-0.48876	0.068278	0.76311	0	0	0	0	0.1881	0.31152	0.052045	0	0.27869	0	0.92577	0	0	0	0.44168	0	0.65328
NPTX1	0	0	0	-0.80207	0.51578	0	0	0	0	0	0	0	0	0	0.49298	0	0	0	0	0	0	0	0	0	0	0	0	0	0	-0.40558	-0.7741	0	0.69248	0	0.6176	0	0.56964	0	0	0	0	0.7494	0	0	-0.78013	0	0	0	0.81908	0	0	0	0	0	0	0	0	0	0
NPTXR	0	0	0	0.93222	0.78843	0	0	0.39645	0	0	0	0	0	0	0	0	0	0	0	0	0	0	0	0	0	0	0	0	0	0	0	0	0	0	0.44424	0	0.82292	0.81219	0	0	0	0	0	0	0	0	0	0	0	0	0	0	0.59091	0.88819	0	0	0	0	0
NREP	0	0	0	0	0	0	0	0	0.54341	0	0	0	0.26378	0.24796	0.20355	0	0	0	0	0	0	0	0	0	0	0	0	0.52445	0	0.29533	0.25535	0	0.94601	0	0.95568	0	0	-0.96501	0	0.027303	0	0.59017	0	0	0	0	0.16638	0.29533	0	0	0	0.37092	0.87922	0	0	0	-0.64717	0	0
NTRK1	0	0	0	0	0	0	0	0	-0.50405	0	-0.36088	0	0	0	0	0.21045	0	0	0	0	0	0	0	0	0	0	0	0	0	-0.67551	-0.5487	0	0.89938	0.80504	0	0	0	0.15832	0	0	0	0	0	0	0	0	0	0	0	0.40223	0	0	0.47836	0	0	0	0	0	0
OLFML2B	0	0	0	0	0	0	0	0	0	0	0.65316	0.83804	0	0	0	0	0	0	0	0	0	0	0	0	0	0	0	0	0	0.51231	-0.58203	0	0.98344	0	0.82887	0	0	0	0	0	-0.66093	0	0	0	-0.92197	0	0	0	0.94217	0	0	0	-0.58691	0	0	0	0	0	0
OR51E1	0	0	0.90913	0	0	0	0	0	0	0	0	0	0	0	0	0	0	0	0	0	0	0	0	0	0	0	0	0	0	0.35564	0.72685	0	0	0	0.98736	0	0	0.74717	0	0	0	0	0	0	0.99694	0	-0.84519	0	0	0	0	0	0.74374	0	0	0	0	0	0
OSBPL6	0	-0.65853	0	0	0	0	0	0	0.90913	0	-0.4449	0	0	0	-0.74312	0	0	0	0	0	0	0.61347	0	0	0	0	0	0	0	0	0	0	0	0	0	0	0	0	0	0	0.17332	0	0	0	0	0	0	0	0.87641	0.32805	0	0	-0.91553	0.90913	0	0	0	0.55419	0
P2RX6	0	0	0	0	0	0	0	0	0.04399	0	0.48591	0.16638	0	0	-0.89261	0	0	0	0	0	0	0.36832	0	0	0	0	0.30343	-0.95568	0	0.47542	0	0	0.52202	0.66278	0.7176	0	0	0.32805	0	0	0.29533	0	0	0	-0.61198	0	0	0	0	0.052045	0	0.74886	-0.84998	0	0	0	0	0.18104	-0.60132
PAX4	0	0	0	0	0	0.25535	0	0.98893	0	0	0	0	0	0	0	0	0	0	0	0	0	0	0	0.93656	0	0	0	0	0	0	0	0	0.95799	0	0	0	0	0	0	0	0	0	0	0	0.63866	0	0	0	0	0	0	0	0	0	0	0	0	0	0
PCBP4	0	-0.38042	0	0.17332	0.33932	0	0	0	-0.64762	0	0.26378	0	0	0	0	0	0	0	0	0	0	0.27869	0	0	0	0	0	0.77761	0	0.59488	0	0	0.99157	0	0.016605	0	0.74639	0.20355	0	0	-0.63726	0	0	0	0	0	0	0.92396	-0.55684	0.77266	0	0	-0.84337	0	0	0	0	-0.40083	-0.54713
PCDHB16	0	0	0	0	0	0	0	0	0	0	0	0	0	0	0	0.91322	0	0.39698	0	0	0	0	0	0	0	0.4988	0	0	0	0	0	0	0	0.38364	0.27096	0	0	0	0	0	0	0	0	0.31152	0	0.87922	0	0	0.77542	0	0	0	0.88819	0	0	0	0	0	0
PCSK1	0	0	0.27096	0	0	0	0	0	0	0	0.85828	0.23961	0	0	0.78872	0	0	0	0	0	0	0	0	0	0.93222	0	0.53416	0	0	-0.35502	0	0	0.73466	0	0.99913	0	0	0	0	0	0.36621	0	0	0	0.31941	0	0	0.85308	-0.87922	0.50715	0	0	-0.4995	0	0	0	0	0	0
PDE2A	0	0	0	0	0	0	0	0	-0.87096	0	0.78484	-0.91144	0	0	0.78967	0	0	0	0	0	0	0	0	0	0	0	0	0	0	0.73622	0.027303	0	0.98121	0	0	0	0	-0.34663	0	0	0	0.16638	0	0	0.93437	0	0.63309	0	0	-0.6722	0	0	0	0	0	0	0	0	-0.38315
PDE6B	0	0.11582	0	0	0	0	0	0	0	0	0.035399	0	0	0	-0.93222	0	0.076869	0	0	0	0	0.31941	0	0	0	0	0	0	0	0.32805	-0.73048	0	0.69711	0	0.98827	0	0	0.76712	0	0	0.31941	0	0	0	0	0	0	0	-0.85828	0	0	0	0.8178	0	0	0	0	-0.93656	0
PDZRN3	0	0	0	0	0	0	0	0	0	0	0.25535	0	0	0	0	0	0	0	0	0	0	0	0	0	0	0	-0.49025	0.50231	0	0	0.27869	0	0	0	0.98121	0	0	0	0	0	0	0	0	0	0.98637	0	0	0	-0.4114	0	0	0	0	0	0	0	0	0	0.21727
PGA3	0	0	0	0	0	0	0	0	0	0	0	0	0	-0.73928	0	0	0	0	0	0	0	0	0	0	0	0	0	0	0	0.80636	-0.6449	0	0.84866	0.04399	0.84337	0	0	0.1881	0	0	0	0	0	0	-0.47518	0	0	0	-0.92197	0.11582	0	0	-0.85828	0	0	0	0	0	0
PGA4	0	0	0	0	0	0	0	0	0	0	0	0	0	0	0	0	0	0	0	0	0	0	0	0	0	0	0	0	0	0	0	0	0.99496	0.90434	0.92197	0	0	0	0	0	0	0	0	0	0	0	-0.81429	-0.67398	0	0	0	0	-0.84337	0	0	0	0	0	-0.83317
PGA5	0	0	0	0	0	0	0	0	0	0	0	0	0	0	0	0	0	0	0	0	0	0	0	0.90202	0	0	0	0	0	0.41053	0	0	0.98344	-0.43974	0.87476	0	0	0	0	0	0	0	0	0	0	0	0	0	-0.61772	0	0	0	0	0	0	0	0	0	0
PLCG2	0	0	0.23961	0	0.27096	0	0	0	0	0	0	0	0	0	0	0	0	0	0	0	0	0	-0.35019	0	0	0	0	0.42718	0	0	0	0	0.92003	0.052045	0.65048	0	0	0	0.31941	0	-0.47076	0	0	0	0	0	-0.83143	0.31152	0.96026	0.74796	0	0	-0.81033	0.77356	0	0	0	0	0
PLTP	0	0	0	0	0	0	0	0	0.91722	-0.58319	0	0	0	0	-0.89765	0	0	0	0	0	0	0	0	0	0	0	0	0	0	0.88141	-0.70017	0	0.3532	0	0	0	0	0.35977	0	0.5045	0	0	0	0	0.43114	0	0	0.32805	-0.76055	0.19533	0	0	0.79405	0	0.1881	0	-0.80768	0	-0.88141
PMP22	0	0	-0.55097	0	0	0	0	0	0	-0.66171	0.060595	0.19533	0	0	0	0	0	0	0	0	0	0	0	0	0	0	-0.88819	0.068278	0	-0.42639	0	0	0.93891	0.75436	0.97749	0	0	0.58009	-0.87278	0	-0.84519	0	0	0	0	0	0.19533	0.86254	0.80504	0.0067328	0	0	-0.77951	0	0	0	0	0	0
PODXL2	0	0	0.25535	-0.8304	0.79438	0	0	0	0.82887	0	0.56898	0.17332	0	-0.94217	0	0	0	0	0	0	0	0	0	0	0.25535	0	0.068278	0.89488	0	0.52536	0	0	0	0	0	0	0	0.084387	0.69554	0	0	0.53536	0	0	0	0	0	0	0	0	0	0	0.89938	0	0	0	0	-0.45981	-0.53416
POM121L9P	0	0	0.64019	0	0	0	0	0	0.70669	-0.66208	0	0	0	0	0	0	0	0	0	0	0	0	0	0	0	0	-0.73779	0.27869	0	0.79612	0.12321	0	0	0	0	0	0.90434	0.49533	0	0	-0.58736	0	0.34081	0	0.076869	0	0	0.70892	0.016605	-0.40223	0	0	0.63102	0	0	0	0	0	-0.55324
PPP1R14A	0	0	0	0	0	0	0	0	0	0	0.30343	0	-0.8905	0	-0.66832	0	0	0	0	0	0	0	0.49471	0.16638	0	0	0.31941	-0.49533	0	0.96943	0	0	0.68017	0	0	0	0.90202	0.060595	-0.87278	0	0.23961	0.72875	0	0	-0.36485	0	0.51285	0.04399	-0.43499	0	0	0	-0.95568	0	0	0	0	0	-0.60487
PPP1R16B	0	0	0	-0.4734	0.68815	0	0	0	0	0	0	0.068278	0.084387	0	0.7176	0	0	0	0	0	0	0	0.67741	0	0	0	0	0.060595	0	0	0	0	0.97889	0.60425	0.10777	0	-0.44663	0	0	0	0.19533	0.89261	0	0	0	0	0	0	0	0	0	0.70574	0	0	0	-0.75919	0	0	0
PPP1R3C	0	-0.69434	0.76444	0	0	0	0	0	0	0	0	0	0	0	-0.54469	0	0	0	0	0	0	0	0	0	0	0	0.21727	0.41351	0	0	0	0	0.89261	0.1881	0.82656	0	-0.48563	0.81524	0	0	0	0	0	0	0	0	0	0	0.9665	0	0	0	0.80207	0	0	0	0.10777	0	0
PRELP	0	0	0	0	0	0	0	0	0.83635	0	0	0.44209	-0.81524	0.36452	-0.93437	0	0	0	0	0	0	0	0	0	0	0	0	0	0	0.5285	0.32805	0	0.90669	0.74796	0.48476	0	0.87278	0	0	-0.51755	-0.96799	-0.81685	0	0	0	0	0	0	0.29533	0	0	0	0	0	0	0	0	0	0
PROX1	0	0	0.25535	0	0	0	0	0	0	0	0.15118	0.30343	0	0	-0.78348	0	0	0	0	0	0	0	0	0	0	0	0	0	0	-0.34886	0.18104	0	0	0	0.99157	0	0	0.86679	0	-0.94601	-0.49723	0	0	0	0	0	0	0.79182	0.98249	0.21045	0	0	0	0	0	0	0.84692	0	0
PRRT3	0	0.27096	-0.49922	0	0	0	0	0	-0.78484	0	0.66914	0	0	0	0	0	-0.49533	0	0	0	0	0	0	0	0	0	0	0	0	0	0	0	0	0	0	0	0.43317	0	0	-0.35502	-0.76861	0	0	0	0.88819	0	0	0.8691	0	0	0	0	0.78872	0	0	0	0	-0.64325	0
PTCHD2	0	0.47691	0	0	0	0	0	0.43445	0	0	0.15832	0	0	0	0	0	0	0	0	0	0	0	0	0	0	0	0	0.98637	0	0	0	0.87641	0	0	0	0	0	0.1881	0	0	0	0	0	0	0.27096	0	0	0	0	0	0	0	0	0	0	0	0	0	0
PTGDR2	0	0.13057	0	0	0.86679	0	0	0	0	0	0	0.19533	0	0	0	0	0	0	0	0	0	0	0	0	0	0	0.13825	-0.55874	0	0.93656	0.12321	0	0	0	0	-0.85828	0.59071	0	0	0	0.052045	0.61937	0	0	0.52007	0	0.46382	0.13825	0	0.40244	0	0	0.97637	0.62561	0	0	0	0.40636	0
PTP4A3	0	0	0	0	0	0	0.40405	0	0	0	0.8691	0	0	0	0	0	0	0	0	0	0	0	0	0	0	0	0	0	0	0.54577	0.64705	0	0.55869	0	0.99356	0	0	0	0	0	0	0	0	0	0	0	0	0	0	0	0	0	0	0.51359	0	0	0	-0.65543	0.26378
QDPR	0	0	0	0	0	0	0	0	0	0	0.37154	0.40045	0	0	0.27869	0	0	0	0	0	0	0	0	0	0.060595	0	0	0.51314	0	0	0	0	0	0	0.98996	0	0	0	-0.57266	0	0.23296	0.96943	0	0	0.86456	0	0	0	-0.85663	0	0	0	-0.91722	0	0	0	0	-0.96943	0
RAB26	0	0	0	0	0	0	0	0	0	0	0	0	0	0.88616	0	0	0.95147	0	0	0	0	0	0	0	0	0	0	0.10777	0	0	0	0	0.98736	0.076869	0.93036	0	0.54713	0	0.23961	0.89488	0	0	0	0	0.13057	0	-0.94217	0	-0.8691	0	0	0	-0.50987	0.98001	0	0	0	0	0.0067328
RAB39B	0.19533	0	0	0.57559	0	0.060595	0	0.63201	0	0	0.4518	0	0	0	0	0	0	0	0	0	0	0	0	0	0	0.62652	0	0	0	0	0.10777	0.8178	0.72392	0	0	0	0	0.83635	0	0	0	0	0	0	0.47365	0	0	0	0	0	0	0	0	0	0	0	0	0	0
RAD51L3-RFFL	0	0	0	0	0	0	0.63622	0	0	0	0	0	0	0	0	0	0	0	0	0	0	0	0.52929	0	0	0	0	0	0	0.10777	0	0	0	0	0.41995	0	0.18104	0	-0.44829	0	0	0	0	0	0	0	0	0.068278	0	0	0	0	0.19533	0.22515	0	0	0	0.52644	0
RASD1	0	0	0	0	0	0	0	0	0	0	0.89261	0.78542	0	0	0	0	0	0	0	0	0	0	0	0	0	0	0	0	0	0.90202	0.81219	0	0	0	0.99356	-0.84998	0	0.82553	0	0	0.5045	0	0	0	0	0	0	0	0	0	0	-0.86254	0	0	0.60012	0	0	0.20355	0
RASL11B	0	0	0.38534	0.035399	0.26378	0	0	0	0.82148	0	0.31152	0	0.32805	0	-0.72594	0	0	0	0	0	0	0	0	0	0	0	0	0	0	0.27869	-0.68017	0	0	0	0.93222	0	0	0	0	-0.59236	0	0.93036	0	0	0	0	0.0067328	0.22515	0.10029	0.068278	0	0	0.78269	0	0	0	0	0	-0.6905
RBP1	0	0	0	0	0	0	0	0	-0.88385	0	0	0.91722	0	0	-0.61524	0	0	0	0	0	0	0	0	0	0	0	0	0	0	-0.55564	0.12321	0	0	0	0.98001	-0.94031	0	0.18104	0	0	0	0.59038	0	0	0.72962	0	0	0	0.53548	0	0	0	0.84519	0	0	0	0	0	0
RCOR2	0	0.67836	0	0	0	0	0	0	0.14469	0	0.27869	0.035399	0	0	0	0	0	0	0	0	0	0	0	0	0	0	0	0	0	0	0	0	-0.54238	0.20355	-0.7834	0	-0.73048	0.10777	0	0	-0.78207	0	0	0	0	0	0	0.97749	0.99071	-0.44924	0	0	0.61132	0.97749	0	-0.50492	0	0	0
RFX6	0	0	0	0	0	0	0	0	-0.70017	0	0.89938	0.95147	0	0	0	0	0	0	0	0	0	0	0	0	0	0	0	0	0	0	0.4178	0	0	0	0.99959	0	0.85171	0	0	0	0.4107	0	0	0.83635	0	0	0	0.81524	0	0.97476	0	0	-0.48823	0	0	0	0	0	0.21727
RGAG4	0	0.64585	0	0	0.37757	0	0	-0.78629	0	0	0.04399	0	0	0.31152	0	0	0	0	0	0	0	0	0	0	0	0	0	0	0	0	0	0.44597	0.86456	0	0.5805	0	0	0	0	0	0	0	0	0	0.60962	0	0	0	0	0	0.73812	0	0	0	0	0	0	0	0
RGS16	0	0	0.30343	-0.50124	0.79228	0	0	0	0	0	0.9278	-0.67315	0	0	-0.91144	0	0	0	0	0	0	0	0	0	0	0	0	0.15118	0	0.71888	0.28724	0	0	0	0	0	0	0.18104	0	0	0	0.88819	0	0	0	0	0	0	0	0	0	0	0.76444	0	-0.40814	0	0	0	0
RGS4	0	0	-0.4202	0	0	0	0	0.31941	0	0	0.94031	-0.89261	0	0	0	0	0	0	0	0	0	0	0	0	-0.81351	0	0.29533	-0.86456	0	0	0	0	0	0	0.035399	0	0	0	0	0	-0.4052	0.66039	0	0	0	0	0	0	-0.33887	0	0	0	0	0	-0.69434	0	0	0	0
RGS5	0	0.46035	0	0.092482	0	0	0	0	0.97476	0	0.18104	0	0	0	-0.76572	0	0	0	0	0	0	0	0	0	0	0	0.97336	0.55816	0	0.89488	0	0	0	0	0	0	0	0	0	0	0	0	0	0	0.94601	0	0.63375	0	0.23961	0.39504	0	0	0.91322	0	0	0	0	0	0
RGS9	0	0	0.21045	0.15832	0	0	0	0	0.25535	0	0	0.15832	0	0	0	0	0	0	0	0	0	0	0	0	0	0	0	0.67877	0	0	0	0	0	0	0.99847	0	0.85663	0.26378	0	0	0.084387	0	0	0	0.22515	0	-0.74444	0.83994	0.28724	0	0	0	0.24796	0	0	0	0.016605	0.027303	0.31941
RIMBP2	0	0	0	-0.3765	0.81908	0	0	0	0	0	0.98249	-0.36634	0.6292	-0.60814	0.016605	0	0	0	0	0	0	0	0	0	-0.88819	0	0	-0.85828	0	0	0	0	0	0	0.98893	0	0	0.79831	0	0	0	0	0.027303	0	-0.47563	0	0.30343	0	0	0	0	0	0.20355	0	0	0	0	0.076869	0
RUNDC3A	0	0.79347	0	0	0	0	0	0	-0.76572	0	0.58245	-0.45981	0	0	0	0	0.88385	0	0	0	0	0	0	0.50363	0	0	0	0	0	0.57125	0.41239	0	0	0	0	0	0	0.35564	0	0.78435	0.54387	0	0	0	0	0	0.81908	0	0	0	0	0	0.87096	0	0	0	0	0	0.28724
SAMD14	0	0	0	-0.76002	0.076869	0	0	0	0.61722	0	0.21727	-0.58079	0.8905	0	0	0	0	0	0	0	0	0	0	0	0	0	0.96943	0.25535	0	0.56898	0.40458	0	0	0	0	0	0.24796	0.45609	0	0.4449	0	0.40801	0	0	0.96171	0	0	0	-0.89261	0	0	0	0.88819	0.21727	0	0	0	0	0.10029
SAP30	0	0.5057	-0.39042	0	0	0	0	0	0.62371	0	0	0.17332	0	0.027303	0	0	0	0	0	0	0	0	0	0	0	0	0	0	0	0.79108	0	0	0	0	0	0	0	0	0	0	-0.92577	0	0	0	0.21727	0	-0.66663	0	0.88616	0	0	0	-0.84337	0	0	0	0.11582	0	0.4872
SBK1	0	0	0	-0.86456	0.035399	0	0	0	0	0	0.26378	0	0.83635	0	0	0	0	0	0	0	0	0	0	0	-0.59302	0	0	0.58699	0	0.21727	0.13825	0	0	0	0	0	0	0	0	0	-0.60814	0	0.62144	0	0	0	0	0.98563	0.98459	0	0	0	0.95374	0	0	0	0	-0.54742	0
SCG2	0	0	0	0	0	0	0	0	0	0	0	0	0	0	0	0	0	0	0	0	0	0	0	0	0	0	0.98001	-0.67038	0	0.28724	0.72164	0	0.99959	0	0.99496	0	0	0	0	0	0	0	0	0	0	0	0	0	0	0	0	0	0	0	0	0	0	0	0
SCG3	0	0	-0.46559	0	0	0	0	0	-0.68344	0	0.91722	0.20355	0	0	0.74201	0	0	0	0	0	0	0	0	0	-0.98344	0	0	0.77542	0	0.36985	0.45663	0	0	0	0.99959	0	0	0.052045	0	0	0	0	0	0	0	0	0.91144	0	0	0.96353	0	0	0	0	0	0	0	0	-0.49298
SCGN	0	0	0.28724	0	0	0	0	0	0	0	0.88141	0.88141	0	0	0.62867	0	0	0	0	0	0	0	0	0	0	0	0.15118	0.79182	0	0	0.7247	0	0	0	0.98736	0	0	0	0.83143	0	0	0	0	0	0.78472	0	0.67493	0	-0.98563	0	0	0	0	0	0	0	0	0	-0.75919
SCN1B	0	0	0	-0.74027	0.90434	0	0	0	0	0	0.31941	-0.50715	0	0	0	0	0	0	0	0	0	0	0	0	0	0	0	0	0	0	0	0	0	0	0	0	0.91722	-0.43672	0	0	-0.73515	0	0	0	0	0	0	0.98001	-0.58108	0	0	0	0	0	-0.67352	0	0	0.016605	-0.55919
SCN3A	0	0	0	0.32805	0	0	0	0	0	0	0.21727	0	0	0	0	0	0	0	0	0	0	0	0	0	0.66126	0.55171	0	0	0	0	0	0.82553	0	0	0.86101	0	0	0	0	0	0	0	0	0	0	0	0	0	0	0.80768	0.67071	0	0	0	0	0	0	0	0
SDK2	0	0	0.035399	0	0.88141	0	0	0	0	0	0	0	0	0	-0.42689	0	0	0	0.20355	0	0	0	0.82053	0	0	0	0.068278	0	0	0	0	0	0.96501	0.29533	0.89938	0	0.24796	0.04399	0	0	0	0	0	0	0.0067328	0	0.85663	0.79612	0.50479	0	0	0	-0.6299	0	0.27869	0	0	0	0
SDPR	0	0	0	0	0	0.68988	0	0	0	0.20355	0	0	0	0	0	0.35787	0.76196	0	0.068278	0	0	0	0	0	0	0	0	0	0.68472	0	0	0	0	0	0.8905	0	0.89488	0	0	0	0	0	0	0	0	0	0	0	0	0	0	0	0.54155	0	0	0	0	0	0
SEMA6B	0	0	0.41351	0	0	0	0	0	0	0	0.016605	0.66914	0	0	0.53325	0	0	0	0	0	0	0	0	0	0	0	0	0	0	0	0	0	0.94973	0	0.42718	0	0	0.13825	0	-0.83804	0.25535	0	0	0	0	0	0	0.016605	0.90202	0.14469	0	0.73408	0	0	0	0	0.4354	0	0
SEPT3	0	0	0	0.076869	0	0	0	0	0	0	0	0.49839	0	0	0	0	0	0	0	0.42169	0	0	0	0	0	0	0	0.91553	0	0	0	0.97336	0	0	0	0	0	0	0	0	0	0	0	0	0	0	0	0	0	0	0	0	0	0	0	0	0	0	0
SEPT5-GP1BB	0	0.63759	0	0	0	0	0	-0.39178	0	0	0.85308	0.49517	0	0	0	0	0	0	0	0	0	0	0	0	0	0.65824	0	0.04399	0	0	0	0.94601	0.99281	0	0	0	0	0	0	0	0	0	0	0	0	0	0	0	0	0	0	0	0	0	0	0	0.31941	0	0
SERPINI1	0	0.67604	0	0.10029	0	0	0	0	0.57381	0	0.70611	0	0	0	0	0	0	0	0	0	0	0.29533	0	0	0	0	0	0	0	0.27869	0	0	0.98121	0.82148	0.63759	-0.70847	0.31152	0.49215	0	0	-0.78348	0	0	0	0	0	-0.89261	0	0.46753	0.052045	0	0	0.86101	0.22515	0	0	0	0	0
SFRP1	0	0	0.15118	0	0	0	0	0	0	0	0.89488	-0.51338	0	0	0	0	0	0	0	0	0	0	0	0	0	0	0.49025	0.21045	0	0.80281	-0.65176	0	0	0	0	0	0	0	0	0	0	0.85663	0	0	0.97336	0	0	0	0	0	0	0	0	0	0	0	0	0.035399	0.86254
SFTPA2	0	0	0.44738	0.34081	0.46088	0	0	0	0	0	-0.95568	0.78629	0	0.7247	0	0	0	0	0	0	0	0	0	0	0	0	0	0	0	0.10029	-0.45762	0	0.31941	-0.53366	-0.58893	0	0	0.26378	0	-0.83804	0	0	0	0	0	0	0	0	0.92197	0	0	0	0.71293	0	0	0	0	0	0
SH3RF3	0	0	0	0	0.83994	0	0	0	0	0	0	0	0	0.81033	0	0	0	0	0	0	0	0	0.64779	0	0	0	0	0.14469	0	0	0	0	0.99847	0.87278	0	0	0.56584	0	0	0	-0.7494	0.016605	0	0	0	0	-0.87922	0.66592	0.68178	0	0.53548	0	0	0	0	0	0.29533	0	0
SHF	0	0.87476	0.016605	0	0	0	0	0	0.0067328	0	0	0	0	0	-0.67947	0	0	0	0	0	0	0	0	0	0	0	0	0	0	0	0	0	0.95374	0.35812	0	-0.75266	0.97637	0.31152	0.13825	0	-0.61454	-0.98996	0	0	0	0	0.016605	0.98249	0.67819	0	0	0	0	0.98827	-0.9278	0	0	-0.85308	0
SIDT1	0	0	0	0	0	0	0	0	0	0	0	0	0.13825	0.12321	-0.78496	0	0	0	0	0	0	0	0	0	0	0	-0.50698	0.47286	0	0	-0.4639	0	0	0	0	0	0.98344	0.1881	0	-0.95799	-0.94217	0.76055	0.15832	0	0.64502	0	-0.66663	0.65874	0.88141	0	0	0	0.93222	0.9482	0	0	-0.86679	0	0
SLC16A12	0	0	0.34242	0	0	0	0	0	0	0	0.59637	-0.59793	0.24796	0.38769	-0.80768	0	0	0	0	0	0	0	0	0	0	0	0.084387	-0.36943	0	0.82887	0.61772	0	0	0	0	0	0	0	0.052045	-0.48781	-0.51578	0	0	0	0.95799	0	0	0	-0.52929	0.1881	0	0	0	0	0	0	0	0	0
SLC1A2	0	0	0.60359	0	0.89488	0	0	0	0	0	0	0	0.59909	0	0.45163	0	0	0	0	0	0	0	0	0	0	0	0	0	0	0.87278	-0.49674	0	0.98736	0.29533	0.80033	0	0	0	-0.48389	0	0	0.62652	0	0	0	0	0.25535	0.0067328	0.65196	0	0.5608	0	0	0	0	0	0	0	0
SLC25A34	0	0	0	0.13057	0.60962	0	0	0	0	0	0.63494	0	0.3639	-0.41404	0	0	0	0	0	0	0	0	0	0.5418	0	0	-0.47129	0	0	-0.6299	0	0	0.76311	0	0	0	0.027303	0.56658	0	0	-0.94601	0	0	0	0	0	0	0	0.40008	0.60863	0	0	-0.36534	0.68178	0	0	0	0	0
SLC38A3	0	0	0.11582	0	0	0	0	0	0.86254	0	0	0	0	0	0	0	0	0	0	0	0	-0.62867	0	0	0	0	0	0.48021	0	0	0	0	0	0	0	0	0	-0.77204	0.20355	0.96353	0	0.69455	0	0	0	0	0	0.60012	0	0	0	0	0.13057	0	0	0	0	0.052045	0.060595
SLC38A5	0	0.63912	0	0	0	0	0	0	0	0	0.57877	0.27096	0	0	0	0	0	0	0	0	0	0	0	0	0	0	0	0	0	-0.79542	0.22515	0	0	0	0.60091	0.068278	0	0.17332	-0.60264	0	-0.93656	0	0	0	0	0	0.65353	0.63994	0.23296	0	0	0	0.64944	0	0	0	0	0	0.48996
SLC6A17	0	0	0	0	0	0	0	0	0.076869	0	0.52974	-0.77922	0	0	0	0	0	0	0	0	0	0	0	0	0	0	0	0	0	0	0	0	0.99632	0	0	0	0	0.27096	0	0	0.31152	0	0	0	0.58852	0	0	0	0	-0.5197	0	0	0.34684	0	0	0	0	0	0
SLC7A4	0	0	-0.87641	0.19533	0	0.52259	0.34292	0	0	0	0	0	0	0	-0.96799	0	0	0	0	0	0	0	0	0	0	0	0	0	0	0	0	0	0	0	0	0	0.90202	0	0	0	0	0	0	0	0	0	0	0	0	0	0	0	-0.35708	0	0	0	0	0	0
SLITRK6	0	0	0.25535	0	0	0	0	0	0	0	0.52111	0.13825	-0.70669	0.092482	0	0	0	0	0	0	0	0	0	0	0	0	0.85171	-0.46712	0	0.24796	-0.90202	0	0	0	-0.76002	0	0	0	-0.73466	0	0	0	0.41834	0	0	0	0.98563	0	-0.43346	-0.78629	0	0	0	0	0	0.1881	0	0	0
SMAD9	0	0	0.0067328	0	0	0	0	0	0	0	0	0.25535	0	0	0	0	0	0	0	0	0	0	0	0	0.19533	0	0.86679	0.98563	0	0	0.04399	0	0.27869	0.22515	0.97637	0	0	0	0.87476	0	0	0	0	0	0	0	0	0	0.91553	-0.48963	0	0	0.86456	0	0	0	0	-0.8691	0
SMOC2	0	0	0	0	0	0	0	0	0.7703	0	0	0	0	0	0.77451	0	0	0	0	0	0	0	0	0	0	0	0.24796	0	0	0.60178	0.19533	0	0	0	0.53313	0.96799	0	0.035399	0	0.016605	-0.61665	-0.50822	0	0	0.12321	0	0.60748	0.61516	0	0	0	0	0.75613	0	0	0	0	0	0.052045
SOCS1	0	0	0	-0.55097	-0.96943	0	0	0	-0.65774	0	-0.52602	0.15118	0	0	0	0	0	0	0	0	0	0	0	0	0	0	0	0	0	0	0	0	0.27096	0	0.22515	0	0.78389	0.15118	0	0.78245	-0.62652	0	0	0	0	0	-0.85502	0.92396	0	0	0	0	-0.50905	0	0	0	-0.73812	0	-0.44242
SOX4	0	0	0.62239	0	0	0	0	0	0	0	0.27096	0.30343	0	0	0.15832	0	0	0	0	0	0	0	0	0	0	0	0.39285	0.63416	0	0.55489	0.39339	0	0.77096	0.0067328	0	0.46159	0.74639	0.027303	0	0	-0.47732	-0.95568	0	0	0	0	0	0.84192	0	0.49401	0.27869	0	0.67179	0	0	-0.54601	0	0	0
SPARC	0	0	0.53069	0	0	0	0	0	0	0	0	0.44663	0	0	0	0	0	0	0	0	0	0	0	0	0	0	-0.66126	0.73337	0	-0.4627	0	0	0	0	0.96501	0	0	0	0	0	0	0	0	0	0	0	0	0.67233	0.90202	0	0	0	0.72792	0	0	0	0	0	0
SPINK4	0	0	0.17332	0	0	0	0	0	0	0	0	0.58154	0	0	-0.71615	0	0	0	0	0	0	0	0	0	0	0	-0.4974	0.36584	0	0.34866	0	0	0.99847	-0.34981	0.92396	0.31941	0	0	-0.65196	0.96943	-0.98563	0	0	0	0	0	0	0	0.32805	0	0	0	0	0	0	0	0	0	0
SPON2	0	0	0	0	0	0	0	0	0	0	0	0.48641	0.052045	0	-0.38835	0	0	0	0	0	0	0	0	0	0	0	0	0	0	0.43346	0	0	0.99157	0.50636	0.80636	0	0.7247	0	0	0	-0.64473	0	0	0	-0.58422	0	-0.70223	0	0.79831	0	0	0	0	0	0	0	0	0	-0.6147
SRM	0	0	0.17332	-0.93036	0.81219	0	0	0	0.87922	0	0.79682	0.91144	0	0	0	0	0	0	0	0	0	0	0	0	0	0	0	0	0	0	0	0	0.77988	0	0.63247	0	0.076869	0	0	0	0	-0.70545	0	0	0	0	0	-0.45609	0	-0.76444	0	0	0.31152	0	0	0	0	0	-0.82148
SSTR1	0	0	0.10029	0	0	0	0	0	0.068278	0	0	0.19533	0	0	0.23296	0	0	0	0	0	0	-0.68889	0	0	0.060595	0	0.15832	0.62078	0	0.93222	0	0	0	0	0	0	-0.84998	0	0	0	0	0	0	0	0.6919	0	0	0.90669	0	0	0	0	0.96171	0	0	0	0	0	0
SSTR2	0	0	0	0	0	0	0	0	0	0	0.73337	0	0.26378	0	0	0	0	0	0	0	0	0	0	0	-0.79736	0	0	0.63247	0	0	0	0	0.98996	0	0.99157	0	0	0	0	0	0	0	0	0	0	0	0	0	0.79682	0	0	0	0	0	0	0	0	0	0
SSTR5-AS1	0	0	0.75717	-0.51578	-0.60987	0	0	0	0	0	0	0	0	-0.66336	0	0	0	0	0	0	0	0	0	0	0	0	0	0	0	0	0.85308	0	0	0	0.96171	0	0	0.51706	0	0	0	0	0	0	0	0	0	0.90434	-0.81351	0.5366	0	0	-0.9278	0	0	0	0	0	-0.54531
ST18	0	0	0	0	0.084387	0	0	0	0.31152	0	0.64436	0	0	0.4817	0	0	0	0	0	0	0	0	0	0	-0.71198	0	0	0	0	0	0	0	0.96501	0.084387	0.99913	0.15832	0	0	0	0	0	0.0067328	0	0	0.99281	0	-0.34242	0	0.49641	0	0	0	0	0	0	0	0	0	0
STARD9	0	-0.78753	0	0	0	0	0	0	0.97749	0	0.28724	0.31941	0	0.1881	0	0	0.14469	0	0	0	0	0	-0.71974	0	0	0	0.60132	0.9482	0	0.10777	0	0	0.99496	0.18104	0	0	0	0.59327	0.44168	0	-0.82053	0	0	0	0	0	-0.70182	0	0.49975	0.84998	0	0	0.37807	0	0	0	0	0	0
STMN3	0	0	0	0	0.90434	0	0	0	0.0067328	0	0.052045	0	0	0	0	0	0	0	0	0	0	0	0	0	0	0	0	0	0	0	0	0	0	0	0.99847	0	0.33932	-0.85171	0	0	0	0	0	0	0	0	-0.69711	0.35535	0.13825	0	0	0	-0.46423	0.70182	0.90434	0	0	-0.7259	0
SUSD2	0	0	0.64387	0	0	0	0	0	0.51231	0	0	0.52829	-0.75919	0.092482	-0.73779	0	0	0	0	0	0	0	-0.44304	0	0	0	0	0.68092	0	0.36435	0.32805	0	0.99847	0	0.80033	0	0	0	0	0	-0.47951	0.19533	0	0	0.38236	0	0	0.027303	0.90202	0	0	0	0	0	0	0	0	0	-0.39339
SYNGR3	0	0	0.49769	0	0	0	0	0	-0.9482	-0.96943	0	0	0	0	0	0	0.96353	0	0	-0.45204	0	0	0	0	0	0	0	0	0	0	0.27096	0	0.61086	0	0	0.13057	0.19533	0	0	-0.76861	0	0	0	0	0	0	0	0.88616	0.92396	0.66914	0	0	-0.74639	0	0	0	0	0	0
SYP	0	0	0	0	0	0	0	0	-0.61582	0	0.65353	-0.97889	0	0	0.26378	0	0.78207	0	0	0	0	0	0	0.10777	0	0	0.58534	-0.79971	0	0	0.46691	0	0	0	0	0	0	0.59814	0	0.74201	0.084387	0.74093	0	0	0	0	0	0	-0.57972	0	-0.96501	0	0.93036	0	0	0	0	-0.54626	-0.60178
SYT5	0	0	0.0067328	0.12321	0	0	0	0	0	0	0.29533	0.98459	0	0	0	0	0	0	0	0	0	-0.83474	0	0	0	0	0.44663	0	0	0.93437	0.59488	0	0	0	0	0	0	0	0	0	0	0.89488	0	0	0.98893	0	0.016605	0.34886	0.25535	0.15118	-0.36113	0	0.23296	0	0	0	-0.80392	0.13057	0
TAGLN3	0	0	0.10777	0	0	0	0	0	0	0	0	0	0	0	0	0	0	0	0	0	0	0	0	0	0	0	0.94973	0.19533	0	0	0	0	0.99793	-0.82656	0	0	0	0	-0.79314	0	0	0	0	0	0.90669	0	0	0	-0.82053	0	0	0	0	0	0	0	0	0	0
TBC1D3C	0	0	0	0	0	0	0.77893	0	0	0	0	0	0	0	0	0	0.55989	0	0	0	0	0	0	0	0.28724	0	0	0	0	0	0	0	0	0	0	0	0	0	0	0	0	0	0	0	0	0	0	0	0.30343	0	0	0.22515	0	0	0	0	0	-0.71718	0
TFPI2	0	0	0.67836	0	0	0	0	0	0.84692	0.61223	0.72164	0	-0.36353	0	0.17332	0	0	0	0	0	0	0.70983	-0.3701	0	0.068278	0	-0.36278	0	0	0.24796	0.32805	0	0	0	0	0.13825	0	0	0	0	0	0.10029	0.63309	0	0.62032	0	0.57183	0	0.26378	0.19533	0.092482	0	-0.88141	0	0	0	0	0	0.18104
TMEM158	0	0.98459	0	0	0	0	0	0	0.77761	0	-0.47323	0.19533	0	0	0	0	0.99554	0	0	0	0	0.21727	0	0	0.11582	0	0	0	0	0.79831	-0.75266	0	0	0	0	0	0	0.52193	0	0	-0.51908	0	0	0	0.89938	0	0	0.50876	-0.36534	0.27869	0	0.23961	0.95799	0	0	0	0	0	0
TMEM196	0	0	0.068278	0	0	0	0	0	0	0	0	0	0	0	0	0	0	0	0	0	0	0	0	0	0.96026	0	0.8691	0.84337	0	0.8905	0.060595	0	0	0	0.42862	0	0	0	0.82053	0	0	0	0	0	0	0	0.80281	0.34746	-0.77761	0	0	0	0	0	0	0	0	0	0
TMEM198	0	0	-0.35502	0	0.15832	0	0	0	-0.65316	0	0	-0.37038	0	0	0	0	0	0	0	0	0	0	0	0	0	0	0.49112	0.64762	0	0.27096	0.67278	0	0	0	0	-0.78236	0.43846	0.74093	0	0	0	-0.33862	0	0	0	0	0	0.63994	-0.87096	0.26378	0	0	0.98121	0	0	0	0	0	0
TMEM200A	0	0	0.50066	0	0	0	0	0	0	0	0.7038	0.60264	0	0	-0.34729	0	0	0	0	0	0	0	0	0	0	0	0.63866	0.12321	0	0.67233	0.39285	0	0	0	0	0	0	0	0	0.31941	0	0	0.22515	0	0.99496	0	0.16638	0	0.76712	0	0	0	0	0	0	0	-0.71115	0	0
TMEM35	0	0	0	0	0	0	0	0.28724	0	0	0	0	0	0	0	0.10029	0	0.87278	0	0.65271	0	0	0	0	0	0	0	0	0	0	0	0	0.93036	0	0.20355	0	0.1881	0.74093	0	0	0	0	0.28724	0	0	0	0	0	0	0	0	0	0.84519	0	0	0	0	0	0
TMEM59L	0	0	0	0	0.82433	0.81219	0	0.31941	0	0	0	0	0	0	0	0	0.41615	0	0	0	0.34606	0	0	0	0	0.85502	0	0	0	0	0	0.22515	0.62652	0	0	0	0	0	0	0.36435	0	0	0	0	0	0	0.4791	0	-0.71528	0	0	0	0	0	0	0	0.19533	0	0
TMEM61	0	0	0.36753	0.84866	0.73337	0	0	0	0	0	0.61541	0.16638	0.32805	0	0	0	0	0	0	0	0	0	0	0	0	0	0	0.64502	0	0.72334	0	0	0.99748	0	0.59038	0	0.86679	0	0	0	0.28724	0	0	0	0	0	0.016605	0.57559	0	0	0	0	-0.89488	0	0	0	-0.73065	0	0
TMEM8C	0	0	0	0	0	0.99793	0	0	0	0	0	0	0	0	0.30343	0	0	0.24796	0	0	0	0	0	0	0	0	0	0	0.38021	0	0	0	0.79149	0	0.0067328	0	0.21727	0	0	0	0	0	0	0	0	0	0	0	0	0	0	0	0.39789	0.24796	0	0	0	0	0
TMOD1	0	0	0.46431	0	0	0	0	0	0	0	0	0	-0.94403	-0.66039	0.72123	0	0	0	0	0	0	0	0	0	0	0	0.21045	0.13057	0	0.90434	0.25535	0	0.98893	0	0	0	0	0.48897	-0.54626	0	0	0.060595	0	0	-0.76993	0	0	-0.64102	-0.56551	0.0067328	0	-0.65456	-0.78967	0	0	0	0.04399	0.15832	-0.37051
TMPRSS11E	0	0	0.81033	0	0	0.060595	0	0	0	0	0	0	0.52891	0	0	0.38207	0	0	0	0	0	0	0	0	0	0	-0.84866	0.75436	0	-0.81033	0.79347	0	0	0	0	0	0	-0.40268	0	0	0	0	0	0	0	0	0	0	0.18104	0	0	0	0	0.87641	0	0	0	0	0
TOX	0	0	0	0	0	0	0	0	0	0	0	0	-0.43974	0.90434	0	0	0	0	0	0	0	0	0	0	0.41594	0	0	0.80768	0	0	0	0	-0.78872	0.40202	0.99356	0	0.58501	0	0	0	0.44994	0	0	0	0.99694	0	-0.94217	0	0.8304	0	0	0	0	0	0	0	0	0	0
TP73	0	0	0	0.69393	0.98827	0	0	0	0	0	0.57344	0	0	0	0	0	0	0	0	0	0	0	0	0	0	0	0	0	0	0.88616	-0.74374	0	0.94973	0	0.0067328	0	0.83994	0.23296	0	0	-0.4354	0.8304	0	0	0.31152	0	0	0.29533	0.66981	-0.43168	0	0	0.18104	0	-0.45093	0	0	0	0
TSIX	0	0	0	0	0	0	0.1881	0	0	0	0	0	-0.58352	0	0	0	0	0	-0.53594	0	0	-0.92003	0.69773	0	0	0	0.04399	0	0	0.31152	0	0	0	0	0	0.068278	0	0	0	0	0	0	0	0	0	0	0.85502	0	0	0	0	0	-0.37716	0	0	0.27869	0.53548	0	0.84692
TSNAX-DISC1	0	0	0	0	0	0	0	0	-0.63457	0.10777	0.13825	0.21727	0.13825	0.41698	0	0	0	0	0	0	-0.58736	0	0.20355	0	0	0	0.15118	0.39562	0	0.24796	0	0	0	0	0	0	-0.56159	0.052045	0	0.60537	0.076869	0	0.24796	0	0	0	0.24796	-0.43945	-0.39083	0.1881	0.30343	0	0.30343	0	0.20355	0.29533	-0.83804	0	0.31152
TSPAN11	0	0	0	0	0	0	0	0	-0.89765	0	0.78765	0.64986	0	0.43028	0.81524	0	0	0	0	0	0	0	0	0	0	0	0	0	0	0	0.8178	0	0	0	0.99959	0	0	0.27869	0	0.67365	0	0	0	0	0.30343	0	0.052045	0.53486	0	0	0	0	0	0.97336	0	0	0	0	0
TUBA1A	0	0	0.28724	0	0	0	0	0	0	0	0.26378	0.62763	0	0	-0.86679	0	0	0	0	0	0	0	0	0	0	0	0.49566	0.80913	0	0	0	0	0	0	0	0	0	0	0	0.66729	0	0	-0.67307	0	0.76196	0	0	0	-0.74577	0	0	0	0.93437	0	0	0	0	-0.68178	0
TUBA3FP	0	0	0	0	0	0	0	0	0.29533	0	0.13057	0	0	0	0.81219	0	0.1881	0	0	0	0	0.10777	0	0	0.30343	0	0	0.15832	0	0.60012	0.61632	0	0.94601	0.50636	0.55964	0	0	0	0	-0.74767	0.068278	0	0	0	0.3577	0	0	0	0	0	0	0	0.32805	0	0	0	0	0.15832	0
TUBB2C	0	0	0	0	0	0	0.61665	0	0	0.62007	0	0	0	0	0	0	0	0	0	0	0.19533	0	0	0	0	0	0	0	-0.70017	0	0	0	0	0	0	0	0.47774	0	0	0	0	0.084387	0	0	0	0	0	-0.48781	0	0	0	0	0.3539	0	0	0	0.11582	0.52739	0
TUBB3	0	0.77542	-0.44874	0	0	0	0	0	-0.78414	0	0	0.87096	0	0	0	0	0	0	0	0	0	0	0	0	0	0	0	0	0	0.26378	-0.48563	0	0	0	0	0	0	-0.48612	0	0.66914	0	0.16638	0	0	0.78872	0	0	0.8071	0.076869	0.32805	0	0	0.92003	0	0	0	-0.83635	-0.68269	0
TUBB4A	0	0	0	0	0.80033	0.1881	0	0	0	0.43903	0	0	0	-0.64882	0	0.15832	0.052045	-0.67212	0	0	0.44329	0	0	0	0	0	0	0	0	0	0	0	0.94973	0.0067328	0	0	0	0	0	0.48897	0	0	0	0	0.43114	0	0	0	0	0	0	0	0.46411	0.41549	0	0	0	0	0
UCP2	0	0	0	0	0.97476	0	0	0	0.87278	0	0.89938	0.10029	0.57051	0.14469	0	0	0	0	0	0	0	0	0	0	0	0	-0.39389	-0.83804	0	0.46753	0.21045	0	0	0	0.58955	-0.97749	0.46828	0	0	0	0	0	0	0	0.86456	0	0	0	-0.75919	0	0	0	0.85663	0.12321	0	0	0	0	0
UNC93A	0	0.42214	-0.52111	0	0	0	0	0	0	0	0.060595	0.22515	0	0.61892	-0.77592	0	0	0	0	0	0	0	0	0	0	0	0.21045	-0.44531	0	0.59397	0.10777	0	0	0	0.78765	0	0	-0.85308	0	0	0	0	0	0	0	0	-0.63693	-0.3437	0.28724	0.728	0	0	0	0	0	0	0	0	0
VASH2	0	0	0.39917	0	0	0	0	0	0.91553	0	0.70545	0	0	0	0	0	0	0	0	0	0	0.74201	0	0	0	0	0	0.56159	0	-0.62371	0	0	0.99632	0.98249	0.96353	0	0	0	0	0	0	0.36196	0	0	0	0	0	0	0.93222	0	0	0	0	0	0	0	0	0	0
VSTM2L	0	0	0.96799	0	0	0	0	0	0	0	0	0	0	0	-0.7741	0	0	0	0	0	0	0	0	0	0	0	0	0	0	0.84337	0.78348	0	0	0	0	0	0.67286	-0.51528	0	0	0	0	0	0	0.99632	0	0.83994	0	0	0	0	0	0	0	0	0	0	0	0
VWA5B2	0	-0.5145	0	0	0	0	0	0	-0.67604	0	0	0	0	0	0.41314	0	0	0	0	0	0	0	0	0	-0.79736	0	0	0	0	0	0	0	0.95374	0	0.93437	0	0	0	0	0	0	0	0	0	0.85828	0	0.21727	0	0	0	0	0	0	0	0	0	0	0	0.22515
VWCE	0	0	-0.78934	0	0	0	0	0	0	0	0.44738	0.016605	0	0	0	0	0	0	0	0	0	0.25535	0	0	0	0	0	0	0	0.86679	0.73717	0	0	0	0	0	0	0.73247	0	0	-0.8178	0	0	0	0	0.36679	0	0	0.62396	0.24796	0	0	0	0	0	0	0	0	0.88385
WIF1	0	0	0.77096	0	0	0	0	0	0	0	0	0	-0.84998	-0.56324	-0.89938	0	0	0	0	0	0	0	0	0	0	0	-0.73172	0.71198	0	0.78967	0	0	0.96799	0.076869	0.9482	0	0	0	0	0	0	0	0	0	0	0	0	0	0.60487	0	0	0	0	0	0	0	0	0	0
WNT9A	0	0	0.016605	0.10777	0.89488	0	0	0	0.16638	0	0.035399	0	0	0	0	0	0	0	0	0	0	0	0	0	0	0	0	0	0	0	-0.44349	0	0.87096	0.88616	0	0	-0.66126	0	0	0	0	0	0	0	0	0	0	0.76311	0.9278	-0.46972	0	0	0.67819	0	0.62561	0	0.86101	-0.87641	0.10029
YPEL1	0	0	0	0	0	0	0	0	0	0	0.27096	0	0	0	0	0	0.27869	0	0	0	0	0.035399	0	0	0	0	0.26378	0.54548	0	0	0.10029	0	0.99632	0.29533	0.94403	0	0.3898	0.64048	0	0	-0.86456	-0.93437	0	0	0	0	-0.84866	-0.57831	0.20355	0	0	0	0.17332	0	0	0	0	0.31152	0.24796
ZCCHC12	0	0	0	0	0	0	0	0.34279	0	0	0	0	0	0.6905	0	0.84192	0.36353	0.95147	0	0	0	0	0	0	0	0	0	0	0	0	0	0	0.81351	0.79884	0	0	0.052045	0	0	0	0	0	0	0.11582	0.15118	0	-0.54812	0	0	0	0	0	0	0	0	0	0	0	0
ZCCHC18	0	0	0.060595	0	0	0.068278	0	0.36766	0	0	0.51359	-0.73147	0	0	0	0	0	0	0	0	0	0	0	0	0	0	-0.87641	0.86254	0	0	0	0	0	0	0.28724	0	0	0	0	0	0	0	0	0	0	0	-0.93437	0	0.89488	0.67493	0	0	0	0	0	0	0	0	0
abParts	0	0	0	0	0	0.96171	0	0	0.23961	0	0	0	0	0	-0.93437	0	0	0	0.22515	0	0	0	0	0	0	0	0	0	0.87641	0.32805	0	0	0	0	0	0	0	0	0	0	0	0	0	0	0	0	0	0	0	0	0	0.46658	0	0.97749	0	0	0	0	0
