TF	Target	SignedQuantile	combStability	combPCorr	stroke	stroke-width	stroke-dasharray
CDX2	ACO1	0.50453	49.89	0.886	rgb(227, 48, 49)	1.9778	None
RARB	ACO1	0.46773	45.54	0.538	rgb(223,114,115)	1.8908	None
RARB	ADAMTS12	0.0037017	35.33	0.331	rgb(221,154,154)	1.6866	None
SATB2	ADAMTS12	0.73879	50.85	0.849	rgb(226, 55, 57)	1.997	None
FOXC2	ADH1A	-0.31724	46.33	-5.1E-01	rgb(106,150,236)	1.9066	None
RARB	ADH1A	0.29034	42.03	0.03	rgb(217,211,211)	1.8206	None
SATB2	ADH1A	0.31801	42.53	0.531	rgb(223,116,117)	1.8306	None
CDX2	AFF3	-0.010519	35.44	-4.4E-01	rgb(122,159,234)	1.6888	None
RARB	AFF3	-0.86648	50.68	-6.8E-01	rgb( 69,127,243)	1.9936	None
CDX2	AFP	0.44929	45.28	0.279	rgb(220,164,164)	1.8856	None
FOXC2	AFP	0.96661	50.86	0.859	rgb(226, 53, 55)	1.9972	None
RARB	AFP	0.70068	49.47	0.468	rgb(222,128,129)	1.9694	None
SATB2	AFP	0.080301	47.73	0.733	rgb(225, 77, 78)	1.9346	None
RARB	AHNAK	0.93799	50.82	0.815	rgb(226, 61, 63)	1.9964	None
TBX3	AHNAK	0.98266	51	0.996	rgb(228, 27, 29)	2	None
FOXC2	AHR	0.87084	50.7	0.697	rgb(225, 84, 85)	1.994	None
RARB	AHR	0.85509	50.67	0.666	rgb(224, 90, 91)	1.9934	None
TBX3	AHR	0.47653	49.83	0.834	rgb(226, 58, 59)	1.9766	None
CDX2	AK026379	-0.7971	50.4	-4.0E-01	rgb(131,165,232)	1.988	2,2
SATB2	AK026379	-0.4681	49.81	-8.1E-01	rgb( 41,110,248)	1.9762	2,2
FOXC2	ANKRD20A8P	-0.85509	50.95	-9.5E-01	rgb( 10, 91,253)	1.999	None
SATB2	ANKRD20A8P	0.7319	50.84	0.843	rgb(226, 56, 58)	1.9968	None
RARB	ANKRD29	0.64427	48.6	0.599	rgb(224,103,104)	1.952	None
TBX3	ANKRD29	-0.24475	41.04	-4.2E-02	rgb(208,211,219)	1.8008	None
CDX2	ANKS1A	0.61679	48.29	0.288	rgb(220,162,163)	1.9458	None
RARB	ANKS1A	0.55045	47.13	0.132	rgb(218,192,192)	1.9226	None
SATB2	ANKS1A	0.87528	50.96	0.96	rgb(228, 34, 35)	1.9992	None
TBX3	ANKS1A	0.0061939	35.37	0.374	rgb(221,146,146)	1.6874	None
RARB	AREG	-0.88631	50.72	-7.2E-01	rgb( 60,121,245)	1.9944	None
TBX3	AREG	-0.079604	37.23	-2.3E-01	rgb(167,186,226)	1.7246	None
SATB2	ARHGAP9	-0.41279	49.62	-6.2E-01	rgb( 82,135,241)	1.9724	None
TBX3	ARHGAP9	-0.37585	49.35	-3.5E-01	rgb(140,170,230)	1.967	None
FOXC2	ARHGEF19	0.62151	50.56	0.562	rgb(223,110,111)	1.9912	None
TBX3	ARHGEF19	-0.2626	41.4	-4.0E-01	rgb(130,164,232)	1.808	None
SATB2	ATOH7	-0.7319	50.84	-8.4E-01	rgb( 35,106,249)	1.9968	None
TBX3	ATOH7	-0.0040315	47.07	-7.4E-02	rgb(201,207,220)	1.9214	None
FOXC2	ATP10D	0.3735	49.32	0.322	rgb(221,155,156)	1.9664	None
RARB	ATP10D	-0.59549	50.35	-3.5E-01	rgb(142,171,230)	1.987	None
FOXC2	ATP13A3	0.66876	50.73	0.733	rgb(225, 77, 78)	1.9946	None
TBX3	ATP13A3	-0.45699	45.4	-4.0E-01	rgb(130,164,232)	1.888	None
CDX2	AVPR1A	0.6361	48.54	0.54	rgb(223,114,115)	1.9508	None
SATB2	AVPR1A	0.8413	50.94	0.941	rgb(227, 37, 39)	1.9988	None
RARB	B2M	-0.76137	49.81	-8.1E-01	rgb( 41,110,248)	1.9762	None
SATB2	B2M	-0.81187	50.92	-9.2E-01	rgb( 17, 95,252)	1.9984	None
RARB	BAALC	-0.94964	50.99	-9.9E-01	rgb(  2, 86,255)	1.9998	None
TBX3	BAALC	-0.94964	50.99	-9.9E-01	rgb(  2, 86,255)	1.9998	None
FOXC2	BANK1	-0.96661	50.86	-8.6E-01	rgb( 30,103,250)	1.9972	None
SATB2	BANK1	-0.34198	48.98	-9.8E-01	rgb(  4, 87,254)	1.9596	None
FOXC2	BEND7	0.7319	50.84	0.836	rgb(226, 57, 59)	1.9968	None
SATB2	BEND7	-0.023639	47.34	-3.4E-01	rgb(142,172,230)	1.9268	None
FOXC2	BMP5	0.64369	48.59	0.589	rgb(223,104,106)	1.9518	None
SATB2	BMP5	0.87528	50.96	0.959	rgb(228, 34, 36)	1.9992	None
FOXC2	C15orf48	-0.098113	47.81	-8.1E-01	rgb( 42,111,248)	1.9362	None
SATB2	C15orf48	0.040902	36.28	0.275	rgb(220,164,165)	1.7056	None
RARB	C1QL1	-0.85509	50.95	-9.5E-01	rgb( 11, 92,253)	1.999	None
SATB2	C1QL1	-0.033132	41	-1.4E-01	rgb(186,198,222)	1.8	None
CDX2	C3orf58	0.78178	50.89	0.893	rgb(227, 47, 48)	1.9978	2,2
RARB	C3orf58	0.2114	40.33	0.325	rgb(221,155,156)	1.7866	2,2
SATB2	C3orf58	0.58981	50.27	0.265	rgb(220,166,167)	1.9854	2,2
FOXC2	CALCRL	0.11079	47.86	0.859	rgb(226, 53, 55)	1.9372	None
RARB	CALCRL	-0.33707	42.86	-8.6E-01	rgb( 29,103,250)	1.8372	None
FOXC2	CATSPERG	-0.67711	50.75	-7.5E-01	rgb( 54,118,246)	1.995	None
RARB	CATSPERG	0.7072	49.52	0.519	rgb(223,118,119)	1.9704	None
FOXC2	CCBE1	0.78761	50.9	0.895	rgb(227, 46, 48)	1.998	None
TBX3	CCBE1	-0.011985	35.46	-4.6E-01	rgb(117,156,235)	1.6892	None
FOXC2	CCDC173	0.94964	50.99	0.985	rgb(228, 29, 31)	1.9998	None
TBX3	CCDC173	-0.55921	49.98	-9.8E-01	rgb(  3, 87,254)	1.9796	None
FOXC2	CCDC50	0.4681	49.81	0.81	rgb(226, 62, 64)	1.9762	None
TBX3	CCDC50	-0.83463	50.6	-6.0E-01	rgb( 86,137,240)	1.992	None
FOXC2	CCDC80	-0.19461	48.5	-5.0E-01	rgb(108,151,236)	1.95	None
SATB2	CCDC80	0.56592	47.46	0.461	rgb(222,129,130)	1.9292	None
FOXC2	CCDC83	0.61752	50.54	0.543	rgb(223,113,114)	1.9908	None
SATB2	CCDC83	-0.00032985	35.27	-2.7E-01	rgb(158,181,227)	1.6854	None
RARB	CD163	-0.74818	50.86	-8.6E-01	rgb( 30,103,250)	1.9972	None
TBX3	CD163	0.82833	50.93	0.931	rgb(227, 39, 41)	1.9986	None
FOXC2	CD36	0.36243	49.15	0.146	rgb(219,189,189)	1.963	None
SATB2	CD36	-0.68122	50.76	-7.6E-01	rgb( 52,117,246)	1.9952	None
CDX2	CDX2	0.79447	50.35	0.355	rgb(221,149,150)	1.987	None
RARB	CDX2	0.91552	50.79	0.792	rgb(226, 66, 67)	1.9958	None
FOXC2	CEACAM6	-0.94327	50.84	-8.4E-01	rgb( 35,107,249)	1.9968	None
RARB	CEACAM6	-0.81187	50.92	-9.2E-01	rgb( 18, 96,252)	1.9984	None
SATB2	CEACAM6	-0.061939	36.6	-6.0E-01	rgb( 87,138,240)	1.712	None
CDX2	CEBPA	0.94085	50.83	0.834	rgb(226, 58, 59)	1.9966	None
FOXC2	CEBPA	-0.75609	50.87	-8.7E-01	rgb( 29,102,250)	1.9974	None
RARB	CEBPA	0.55023	47.11	0.11	rgb(218,196,196)	1.9222	None
RARB	CEBPA-AS1	0.78369	50.17	0.171	rgb(219,184,185)	1.9834	2,2
SATB2	CEBPA-AS1	0.36163	49.14	0.142	rgb(219,190,190)	1.9628	2,2
FOXC2	CFC1	-0.25197	48.75	-7.5E-01	rgb( 54,118,246)	1.955	None
TBX3	CFC1	0.3878	49.46	0.459	rgb(222,129,130)	1.9692	None
FOXC2	CHL1	0.92054	50.98	0.976	rgb(228, 31, 33)	1.9996	None
RARB	CHL1	-0.055195	36.5	-5.0E-01	rgb(110,152,236)	1.71	None
CDX2	CKB	0.93487	50.89	0.89	rgb(227, 47, 49)	1.9978	None
FOXC2	CKB	-0.64222	50.65	-6.5E-01	rgb( 77,132,242)	1.993	None
RARB	CKB	0.49914	46.24	0.241	rgb(220,171,171)	1.9048	None
FOXC2	CMSS1	0.79963	50.91	0.905	rgb(227, 44, 46)	1.9982	None
RARB	CMSS1	-0.99502	50.94	-9.4E-01	rgb( 13, 93,253)	1.9988	None
TBX3	CMSS1	-0.89841	50.97	-9.7E-01	rgb(  7, 89,254)	1.9994	None
CDX2	COL14A1	0.80924	50.49	0.491	rgb(222,123,124)	1.9898	None
FOXC2	COL14A1	0.86648	50.68	0.676	rgb(224, 88, 89)	1.9936	None
RARB	COL14A1	0.88811	50.73	0.73	rgb(225, 78, 79)	1.9946	None
FOXC2	COMP	-0.27348	41.56	-5.6E-01	rgb( 96,144,238)	1.8112	None
RARB	COMP	0.14484	47.98	0.985	rgb(228, 29, 31)	1.9396	None
FOXC2	CPN1	-0.045593	47.54	-5.4E-01	rgb( 99,145,238)	1.9308	None
RARB	CPN1	0.87293	50.71	0.712	rgb(225, 81, 82)	1.9942	None
CDX2	CRTAC1	-0.87084	50.7	-7.0E-01	rgb( 66,125,243)	1.994	None
FOXC2	CRTAC1	0.60539	50.45	0.448	rgb(222,131,132)	1.989	None
SATB2	CRTAC1	-0.81187	50.92	-9.2E-01	rgb( 16, 95,252)	1.9984	None
CDX2	CTSC	-0.0020524	35.31	-3.1E-01	rgb(150,176,229)	1.6862	None
FOXC2	CTSC	0.76221	49.82	0.817	rgb(226, 61, 63)	1.9764	None
SATB2	CTSC	0.03031	47.42	0.42	rgb(222,137,138)	1.9284	None
FOXC2	CXCL5	0.013304	47.22	0.217	rgb(219,176,176)	1.9244	None
RARB	CXCL5	-0.92054	50.98	-9.8E-01	rgb(  4, 87,254)	1.9996	None
FOXC2	CXCL6	-0.4762	45.63	-6.3E-01	rgb( 80,134,241)	1.8926	None
SATB2	CXCL6	0.14484	47.98	0.985	rgb(228, 29, 31)	1.9396	None
RARB	CYP27C1	-0.021074	35.6	-6.0E-01	rgb( 86,138,240)	1.692	None
SATB2	CYP27C1	-0.54535	49.96	-9.6E-01	rgb(  9, 91,253)	1.9792	None
RARB	DACH1	-0.54275	46.8	-8.0E-01	rgb( 43,111,247)	1.916	None
SATB2	DACH1	-0.20029	48.53	-5.3E-01	rgb(102,147,237)	1.9506	None
RARB	DNASE1	0.19927	40.08	0.08	rgb(218,202,202)	1.7816	None
TBX3	DNASE1	0.6516	50.68	0.678	rgb(224, 87, 89)	1.9936	None
FOXC2	DNHD1	0.095254	47.8	0.803	rgb(226, 64, 65)	1.936	None
TBX3	DNHD1	0.89841	50.97	0.969	rgb(228, 32, 34)	1.9994	None
CDX2	DPP6	-0.60575	47.87	-8.7E-01	rgb( 28,102,250)	1.9374	None
TBX3	DPP6	0.29775	42.22	0.224	rgb(219,174,175)	1.8244	None
FOXC2	EBF2	0.8508	50.65	0.896	rgb(227, 46, 48)	1.993	None
TBX3	EBF2	0.94964	50.99	0.989	rgb(228, 28, 30)	1.9998	None
FOXC2	EGLN3	0.70328	50.8	0.804	rgb(226, 63, 65)	1.996	None
TBX3	EGLN3	-0.71552	49.58	-5.8E-01	rgb( 91,140,239)	1.9716	None
FOXC2	EHF	-0.36309	43.5	-5.0E-01	rgb(109,151,236)	1.85	None
TBX3	EHF	0.069342	37.02	0.019	rgb(217,213,213)	1.7204	None
FOXC2	ENTPD3	0.93487	50.81	0.807	rgb(226, 63, 65)	1.9962	None
TBX3	ENTPD3	0.086128	47.76	0.762	rgb(225, 72, 73)	1.9352	None
FOXC2	ESRRB	-0.68122	50.76	-7.6E-01	rgb( 52,117,246)	1.9952	None
RARB	ESRRB	-0.92054	50.98	-9.8E-01	rgb(  3, 87,254)	1.9996	None
FOXC2	FAM114A1	0.20693	48.57	0.572	rgb(223,108,109)	1.9514	None
TBX3	FAM114A1	0.92054	50.98	0.985	rgb(228, 29, 31)	1.9996	None
RARB	FAM222A	-0.55921	49.98	-9.8E-01	rgb(  5, 88,254)	1.9796	None
TBX3	FAM222A	-0.34759	48.99	-9.9E-01	rgb(  2, 86,255)	1.9598	None
FOXC2	FAM95A	-0.68649	50.77	-7.7E-01	rgb( 50,115,246)	1.9954	2,2
RARB	FAM95A	0.83977	50.63	0.632	rgb(224, 96, 98)	1.9926	2,2
FOXC2	FBLL1	-0.42859	44.66	-6.6E-01	rgb( 74,130,242)	1.8732	None
RARB	FBLL1	-0.0065237	47.11	-1.1E-01	rgb(193,202,221)	1.9222	None
FOXC2	FGB	0.83977	50.63	0.629	rgb(224, 97, 98)	1.9926	None
RARB	FGB	0.88631	50.72	0.717	rgb(225, 80, 81)	1.9944	None
TBX3	FGB	0.2947	48.87	0.871	rgb(227, 51, 52)	1.9574	None
CDX2	FGG	0.077332	37.19	0.19	rgb(219,181,181)	1.7238	None
FOXC2	FGG	0.85281	50.66	0.662	rgb(224, 90, 92)	1.9932	None
RARB	FGG	0.62309	48.39	0.388	rgb(221,143,144)	1.9478	None
TBX3	FGG	0.50889	46.43	0.434	rgb(222,134,135)	1.9086	None
CDX2	FLT1	0.79395	50.33	0.652	rgb(224, 92, 94)	1.9866	None
FOXC2	FLT1	0.73678	49.69	0.691	rgb(225, 85, 86)	1.9738	None
RARB	FLT1	0.72963	49.66	0.665	rgb(224, 90, 91)	1.9732	None
SATB2	FLT1	0.17739	48.36	0.358	rgb(221,149,149)	1.9472	None
TBX3	FLT1	0.52172	49.92	0.924	rgb(227, 41, 42)	1.9784	None
CDX2	FLVCR2	0.78314	50.12	0.116	rgb(218,195,195)	1.9824	None
RARB	FLVCR2	0.16397	39.24	0.24	rgb(220,171,172)	1.7648	None
SATB2	FLVCR2	0.097929	37.54	0.543	rgb(223,113,114)	1.7308	None
TBX3	FLVCR2	0.47008	45.55	0.553	rgb(223,111,112)	1.891	None
FOXC2	FOS	-0.37218	43.61	-6.1E-01	rgb( 84,136,240)	1.8522	None
TBX3	FOS	-0.69503	49.4	-4.0E-01	rgb(131,164,232)	1.968	None
FOXC2	FOSL2	-0.89298	50.75	-8.8E-01	rgb( 26,101,250)	1.995	None
RARB	FOSL2	0.87084	50.7	0.696	rgb(225, 84, 85)	1.994	None
SATB2	FOSL2	0.87528	50.96	0.963	rgb(228, 33, 35)	1.9992	None
TBX3	FOSL2	0.70925	49.55	0.551	rgb(223,112,113)	1.971	None
CDX2	FOXN3	0.83647	50.61	0.61	rgb(224,100,102)	1.9922	None
SATB2	FOXN3	0.76467	50.88	0.877	rgb(227, 50, 51)	1.9976	None
TBX3	FOXN3	0.7319	50.84	0.843	rgb(226, 56, 58)	1.9968	None
FOXC2	FUT5	-0.74818	50.86	-8.6E-01	rgb( 30,103,250)	1.9972	None
RARB	FUT5	-0.30284	48.89	-8.9E-01	rgb( 24, 99,251)	1.9578	None
FOXC2	FZD10	0.73879	50.85	0.851	rgb(226, 54, 56)	1.997	None
SATB2	FZD10	0.94327	50.84	0.838	rgb(226, 57, 59)	1.9968	None
FOXC2	GADD45G	-0.22672	48.66	-6.6E-01	rgb( 75,130,242)	1.9532	None
TBX3	GADD45G	-0.607	50.47	-4.7E-01	rgb(115,155,235)	1.9894	None
FOXC2	GALNT14	-0.38585	49.44	-4.4E-01	rgb(121,159,234)	1.9688	None
TBX3	GALNT14	-0.034781	36.18	-1.8E-01	rgb(177,193,224)	1.7036	None
FOXC2	GALNT3	0.66579	50.72	0.725	rgb(225, 79, 80)	1.9944	None
SATB2	GALNT3	-0.61242	50.51	-5.1E-01	rgb(105,149,237)	1.9902	None
TBX3	GALNT3	-0.82107	50.54	-5.4E-01	rgb(100,146,237)	1.9908	None
FOXC2	GAP43	0.66579	50.72	0.723	rgb(225, 79, 80)	1.9944	None
SATB2	GAP43	0.70251	49.5	0.497	rgb(222,122,123)	1.97	None
FOXC2	GAS1	0.94964	50.99	0.992	rgb(228, 27, 29)	1.9998	None
RARB	GAS1	0.92054	50.98	0.976	rgb(228, 31, 33)	1.9996	None
FOXC2	GDAP1	-0.37391	43.63	-6.3E-01	rgb( 81,134,241)	1.8526	None
SATB2	GDAP1	-0.4681	49.81	-8.1E-01	rgb( 41,110,248)	1.9762	None
TBX3	GDAP1	-0.4376	49.72	-7.2E-01	rgb( 62,123,244)	1.9744	None
CDX2	GFOD2	0.20128	40.12	0.125	rgb(218,193,193)	1.7824	None
SATB2	GFOD2	-0.79963	50.91	-9.1E-01	rgb( 19, 97,252)	1.9982	None
FOXC2	GLB1L2	0.58736	50.23	0.232	rgb(220,173,173)	1.9846	None
RARB	GLB1L2	-0.99168	50.92	-9.2E-01	rgb( 18, 96,252)	1.9984	None
FOXC2	GPR3	0.94964	50.99	0.994	rgb(228, 27, 29)	1.9998	None
SATB2	GPR3	0.37134	43.6	0.6	rgb(224,102,104)	1.852	None
TBX3	GPR3	-0.14484	47.98	-9.8E-01	rgb(  4, 87,254)	1.9396	None
RARB	GPRIN1	-0.3149	48.92	-9.2E-01	rgb( 17, 95,252)	1.9584	None
TBX3	GPRIN1	-0.45351	49.77	-7.7E-01	rgb( 50,115,246)	1.9754	None
FOXC2	GRAMD1C	0.69826	50.79	0.79	rgb(226, 66, 68)	1.9958	None
TBX3	GRAMD1C	-0.15848	39.12	-1.2E-01	rgb(192,202,221)	1.7624	None
FOXC2	GRASP	-0.62309	48.39	-3.9E-01	rgb(132,165,232)	1.9478	None
RARB	GRASP	-0.82833	50.93	-9.3E-01	rgb( 15, 94,252)	1.9986	None
TBX3	GRASP	-0.15946	39.14	-1.4E-01	rgb(186,198,222)	1.7628	None
FOXC2	GREM1	0.87528	50.96	0.961	rgb(228, 33, 35)	1.9992	None
SATB2	GREM1	0.74418	49.72	0.724	rgb(225, 79, 80)	1.9744	None
CDX2	GRIK2	-0.44336	45.12	-1.2E-01	rgb(191,201,222)	1.8824	None
FOXC2	GRIK2	0.63845	48.63	0.627	rgb(224, 97, 98)	1.9526	None
TBX3	GRIK2	-0.11259	38.03	-2.7E-02	rgb(211,213,218)	1.7406	None
SATB2	GRIK5	0.019681	47.3	0.522	rgb(223,117,118)	1.926	None
TBX3	GRIK5	0.40982	49.61	0.612	rgb(224,100,101)	1.9722	None
SATB2	GRIP2	-0.96932	50.87	-8.7E-01	rgb( 28,102,250)	1.9974	None
TBX3	GRIP2	-0.53835	49.95	-9.5E-01	rgb( 11, 92,253)	1.979	None
CDX2	GUCY1A2	-0.50453	49.89	-8.9E-01	rgb( 23, 99,251)	1.9778	None
FOXC2	GUCY1A2	0.79963	50.91	0.909	rgb(227, 43, 45)	1.9982	None
RARB	GUCY1A2	-0.30625	42.39	-3.9E-01	rgb(133,166,232)	1.8278	None
TBX3	GUCY1A2	-0.63562	48.53	-5.3E-01	rgb(102,147,237)	1.9506	None
FOXC2	HAPLN1	0.76467	50.88	0.883	rgb(227, 48, 50)	1.9976	None
RARB	HAPLN1	0.89841	50.97	0.968	rgb(228, 32, 34)	1.9994	None
FOXC2	HCN2	0.85509	50.95	0.947	rgb(227, 36, 38)	1.999	None
TBX3	HCN2	-0.27246	41.53	-5.3E-01	rgb(101,146,237)	1.8106	None
CDX2	HEY1	-0.68477	49.21	-2.1E-01	rgb(171,189,225)	1.9642	None
FOXC2	HEY1	-0.58838	47.68	-6.8E-01	rgb( 70,128,243)	1.9336	None
RARB	HEY1	-0.38417	43.78	-7.8E-01	rgb( 49,115,246)	1.8556	None
TBX3	HEY1	-0.93799	50.82	-8.2E-01	rgb( 38,108,248)	1.9964	None
CDX2	HHIPL1	0.89298	50.75	0.747	rgb(225, 74, 76)	1.995	None
FOXC2	HHIPL1	0.12674	38.32	0.315	rgb(220,157,157)	1.7464	None
RARB	HHIPL1	0.86846	50.69	0.69	rgb(225, 85, 87)	1.9938	None
SATB2	HHIPL1	0.67337	50.74	0.745	rgb(225, 75, 76)	1.9948	None
CDX2	HIF3A	0.0029687	35.32	0.318	rgb(220,156,157)	1.6864	None
FOXC2	HIF3A	0.81187	50.92	0.925	rgb(227, 40, 42)	1.9984	None
TBX3	HIF3A	0.49954	49.88	0.879	rgb(227, 49, 51)	1.9776	None
FOXC2	HLA-DPB1	-0.54535	49.96	-9.6E-01	rgb(  9, 90,254)	1.9792	None
RARB	HLA-DPB1	0.8508	50.65	0.648	rgb(224, 93, 94)	1.993	None
FOXC2	HRH2	0.96932	50.87	0.875	rgb(227, 50, 52)	1.9974	None
RARB	HRH2	0.59454	47.73	0.735	rgb(225, 77, 78)	1.9346	None
FOXC2	HRK	0.35789	49.07	0.073	rgb(218,203,203)	1.9614	None
TBX3	HRK	-0.85509	50.67	-6.7E-01	rgb( 72,129,242)	1.9934	None
CDX2	ID1	-0.80575	50.44	-4.4E-01	rgb(122,159,234)	1.9888	None
RARB	ID1	-0.17984	39.48	-4.8E-01	rgb(113,154,235)	1.7696	None
SATB2	ID1	-0.71746	50.82	-8.2E-01	rgb( 39,109,248)	1.9964	None
TBX3	ID1	-0.51519	46.51	-5.1E-01	rgb(106,150,236)	1.9102	None
CDX2	ID4	-0.70251	49.5	-5.0E-01	rgb(109,152,236)	1.97	None
FOXC2	ID4	-0.85281	50.66	-6.6E-01	rgb( 73,130,242)	1.9932	None
RARB	ID4	-0.73084	49.67	-6.7E-01	rgb( 72,129,242)	1.9734	None
SATB2	ID4	-0.82833	50.93	-9.3E-01	rgb( 15, 94,252)	1.9986	None
TBX3	ID4	-0.66447	48.76	-7.6E-01	rgb( 53,117,246)	1.9552	None
RARB	IER3	-0.047022	36.38	-3.8E-01	rgb(134,167,231)	1.7076	None
SATB2	IER3	-0.98266	51	-1	rgb(  0, 85,255)	2	None
TBX3	IER3	-0.8508	50.65	-6.5E-01	rgb( 77,132,242)	1.993	None
FOXC2	IER5	-0.30665	48.9	-9.0E-01	rgb( 21, 98,251)	1.958	None
SATB2	IER5	0.92054	50.98	0.979	rgb(228, 30, 32)	1.9996	None
TBX3	IER5	0.20762	40.29	0.285	rgb(220,163,163)	1.7858	None
CDX2	IGF2-AS	-0.80671	50.45	-4.5E-01	rgb(120,158,234)	1.989	None
FOXC2	IGF2-AS	-0.85281	50.66	-6.6E-01	rgb( 74,130,242)	1.9932	None
RARB	IGF2-AS	-0.48965	45.79	-7.9E-01	rgb( 45,112,247)	1.8958	None
SATB2	IGF2-AS	-0.30665	48.9	-9.0E-01	rgb( 21, 98,251)	1.958	None
RARB	IGFBP7	-0.19604	39.89	-8.9E-01	rgb( 25,100,251)	1.7778	None
SATB2	IGFBP7	-0.89841	50.97	-9.7E-01	rgb(  7, 89,254)	1.9994	None
CDX2	IL1A	0.12439	38.29	0.288	rgb(220,162,163)	1.7458	None
FOXC2	IL1A	0.79447	50.35	0.353	rgb(221,150,150)	1.987	None
RARB	IL1A	0.89536	50.76	0.764	rgb(225, 71, 73)	1.9952	None
CDX2	INS-IGF2	-0.034488	36.17	-1.7E-01	rgb(179,194,224)	1.7034	None
FOXC2	INS-IGF2	-0.42569	44.63	-6.3E-01	rgb( 80,134,241)	1.8726	None
FOXC2	ISG15	-0.37555	43.65	-6.5E-01	rgb( 76,131,242)	1.853	None
RARB	ISG15	0.19828	40.07	0.067	rgb(218,204,204)	1.7814	None
RARB	JAG1	-0.21833	40.42	-4.2E-01	rgb(127,162,233)	1.7884	None
TBX3	JAG1	-0.91277	50.78	-7.8E-01	rgb( 47,114,247)	1.9956	None
CDX2	JAM2	0.16243	39.22	0.216	rgb(219,176,176)	1.7644	None
FOXC2	JAM2	-0.57328	47.53	-5.3E-01	rgb(103,148,237)	1.9306	None
FOXC2	JAZF1	0.5157	49.91	0.906	rgb(227, 44, 46)	1.9782	None
TBX3	JAZF1	-0.30185	42.32	-3.2E-01	rgb(148,175,229)	1.8264	None
FOXC2	KAZALD1	-0.18461	48.42	-4.2E-01	rgb(126,161,233)	1.9484	None
RARB	KAZALD1	0.62309	48.39	0.391	rgb(221,142,143)	1.9478	None
FOXC2	KCNH1	0.26047	48.78	0.778	rgb(226, 68, 70)	1.9556	None
TBX3	KCNH1	0.31028	48.91	0.914	rgb(227, 42, 44)	1.9582	None
CDX2	KCNJ8	0.87528	50.96	0.957	rgb(228, 34, 36)	1.9992	None
RARB	KCNJ8	0.50812	46.41	0.411	rgb(222,138,139)	1.9082	None
CDX2	KCNMB1	-0.618	48.32	-3.2E-01	rgb(148,175,229)	1.9464	None
FOXC2	KCNMB1	-0.55921	49.98	-9.8E-01	rgb(  5, 88,254)	1.9796	None
FOXC2	KCNT1	0.79963	50.91	0.91	rgb(227, 43, 45)	1.9982	None
RARB	KCNT1	-0.32377	48.94	-9.4E-01	rgb( 12, 93,253)	1.9588	None
TBX3	KCNT1	0.52681	49.93	0.933	rgb(227, 39, 41)	1.9786	None
FOXC2	KIAA1045	0.39168	44.11	0.111	rgb(218,196,196)	1.8622	2,2
RARB	KIAA1045	0.20623	40.25	0.253	rgb(220,169,169)	1.785	2,2
FOXC2	KLF10	0.8413	50.94	0.937	rgb(227, 38, 40)	1.9988	None
RARB	KLF10	-0.36668	46.8	-8.0E-01	rgb( 43,111,247)	1.916	None
SATB2	KRT15	-0.27642	41.57	-5.7E-01	rgb( 92,141,239)	1.8114	None
TBX3	KRT15	-0.11079	47.86	-8.6E-01	rgb( 31,104,250)	1.9372	None
FOXC2	L1CAM	0.94964	50.99	0.986	rgb(228, 29, 31)	1.9998	None
RARB	L1CAM	-0.98266	51	-1	rgb(  0, 85,255)	2	None
FOXC2	LACC1	0.2947	48.87	0.868	rgb(227, 51, 53)	1.9574	None
SATB2	LACC1	-0.85509	50.95	-9.5E-01	rgb( 10, 91,253)	1.999	None
TBX3	LACC1	0.051677	36.44	0.437	rgb(222,134,134)	1.7088	None
FOXC2	LAMA3	0.36386	43.51	0.507	rgb(223,120,121)	1.8502	None
RARB	LAMA3	0.7971	50.4	0.403	rgb(221,140,141)	1.988	None
RARB	LEFTY1	-0.47227	49.82	-8.2E-01	rgb( 39,109,248)	1.9764	None
TBX3	LEFTY1	-0.035917	36.2	-2.0E-01	rgb(174,191,224)	1.704	None
FOXC2	LINC00176	0.56353	47.4	0.401	rgb(221,140,141)	1.928	2,2
RARB	LINC00176	0.68525	49.25	0.252	rgb(220,169,169)	1.965	2,2
FOXC2	LINC00907	-0.73678	49.69	-6.9E-01	rgb( 67,126,243)	1.9738	None
SATB2	LINC00907	-0.40319	44.36	-3.6E-01	rgb(139,170,231)	1.8672	None
FOXC2	LINC00936	-0.78761	50.9	-9.0E-01	rgb( 21, 98,251)	1.998	2,2
SATB2	LINC00936	-0.066667	36.73	-7.3E-01	rgb( 58,121,245)	1.7146	2,2
FOXC2	LIPG	-0.89841	50.97	-9.7E-01	rgb(  6, 89,254)	1.9994	None
RARB	LIPG	0.93487	50.81	0.813	rgb(226, 62, 63)	1.9962	None
FOXC2	LIPH	-0.92054	50.98	-9.8E-01	rgb(  4, 88,254)	1.9996	None
RARB	LIPH	0.071614	47.69	0.694	rgb(225, 84, 86)	1.9338	None
FOXC2	LMO3	0.20517	48.56	0.558	rgb(223,110,111)	1.9512	None
RARB	LMO3	-0.27019	41.51	-5.1E-01	rgb(106,150,236)	1.8102	None
RARB	LMX1B	-0.8508	50.65	-6.5E-01	rgb( 77,132,242)	1.993	None
TBX3	LMX1B	-0.81187	50.92	-9.2E-01	rgb( 17, 95,252)	1.9984	None
FOXC2	LPAR3	-0.53835	49.95	-9.5E-01	rgb( 11, 92,253)	1.979	None
TBX3	LPAR3	0.87528	50.96	0.955	rgb(228, 35, 36)	1.9992	None
FOXC2	LRIG1	-0.099542	37.55	-5.5E-01	rgb( 98,145,238)	1.731	None
TBX3	LRIG1	-0.85509	50.95	-9.5E-01	rgb( 10, 91,253)	1.999	None
FOXC2	LRIG3	0.092322	47.79	0.789	rgb(226, 66, 68)	1.9358	None
RARB	LRIG3	-0.69786	49.46	-4.6E-01	rgb(116,156,235)	1.9692	None
TBX3	LRIG3	-0.39502	49.51	-5.1E-01	rgb(105,149,237)	1.9702	None
SATB2	LRP1	0.75609	50.87	0.866	rgb(227, 52, 53)	1.9974	None
TBX3	LRP1	0.89841	50.97	0.971	rgb(228, 32, 34)	1.9994	None
FOXC2	LRRIQ1	0.66187	50.71	0.712	rgb(225, 81, 82)	1.9942	None
TBX3	LRRIQ1	-0.75228	49.76	-7.6E-01	rgb( 53,117,246)	1.9752	None
FOXC2	LRRK1	-0.66876	50.73	-7.3E-01	rgb( 58,120,245)	1.9946	None
SATB2	LRRK1	0.073887	47.7	0.699	rgb(225, 83, 85)	1.934	None
RARB	LRRTM3	-0.39373	49.5	-5.0E-01	rgb(109,151,236)	1.97	None
SATB2	LRRTM3	0.59674	47.75	0.75	rgb(225, 74, 75)	1.935	None
RARB	MAFB	-0.35166	43.33	-3.3E-01	rgb(146,174,229)	1.8466	None
TBX3	MAFB	-0.50922	49.9	-9.0E-01	rgb( 22, 98,251)	1.978	None
CDX2	MARVELD1	0.87084	50.7	0.944	rgb(227, 37, 39)	1.994	None
FOXC2	MARVELD1	-0.71746	50.82	-8.2E-01	rgb( 39,108,248)	1.9964	None
RARB	MARVELD1	0.94085	50.83	0.832	rgb(226, 58, 60)	1.9966	None
RARB	MATN1-AS1	0.71629	49.59	0.594	rgb(224,103,105)	1.9718	None
SATB2	MATN1-AS1	0.55921	49.98	0.985	rgb(228, 29, 31)	1.9796	None
FOXC2	MCAM	-0.08972	37.4	-4.0E-01	rgb(131,165,232)	1.728	None
TBX3	MCAM	0.070808	37.05	0.045	rgb(217,208,208)	1.721	None
CDX2	MEIS1-AS3	-0.79447	50.41	-4.1E-01	rgb(127,162,233)	1.9882	None
RARB	MEIS1-AS3	-0.12758	38.35	-3.5E-01	rgb(141,171,230)	1.747	None
CDX2	MERTK	0.79773	50.41	0.41	rgb(222,139,140)	1.9882	None
SATB2	MERTK	0.94964	50.99	0.995	rgb(228, 27, 29)	1.9998	None
FOXC2	MFAP3L	0.79963	50.91	0.914	rgb(227, 42, 44)	1.9982	None
TBX3	MFAP3L	-0.23969	40.73	-7.3E-01	rgb( 58,120,245)	1.7946	None
FOXC2	MOXD1	-0.62954	50.6	-7.1E-01	rgb( 63,123,244)	1.992	None
SATB2	MOXD1	-0.24295	48.72	-7.2E-01	rgb( 60,121,245)	1.9544	None
TBX3	MOXD1	-0.44929	45.28	-2.8E-01	rgb(156,180,228)	1.8856	None
CDX2	MPC2	0.61726	48.31	0.31	rgb(220,158,158)	1.9462	None
FOXC2	MPC2	-0.72421	50.83	-8.3E-01	rgb( 36,107,249)	1.9966	None
RARB	MPC2	0.97266	50.88	0.882	rgb(227, 48, 50)	1.9976	None
TBX3	MPC2	-0.19806	40.06	-6.2E-02	rgb(204,209,219)	1.7812	None
CDX2	MPHOSPH10	-0.6015	47.8	-8.0E-01	rgb( 43,111,247)	1.936	None
TBX3	MPHOSPH10	-0.0049111	35.35	-3.5E-01	rgb(142,171,230)	1.687	None
FOXC2	MPPED1	0.14645	45.63	0.631	rgb(224, 97, 98)	1.8926	None
TBX3	MPPED1	-0.41803	44.54	-5.4E-01	rgb( 99,145,238)	1.8708	None
FOXC2	MYBL1	0.61118	50.5	0.497	rgb(222,122,123)	1.99	None
RARB	MYBL1	0.5157	49.91	0.906	rgb(227, 44, 46)	1.9782	None
FOXC2	MYBPC3	-0.48466	49.84	-8.4E-01	rgb( 35,106,249)	1.9768	None
RARB	MYBPC3	-0.74818	50.86	-8.6E-01	rgb( 31,104,250)	1.9972	None
FOXC2	MYC	0.78761	50.9	0.898	rgb(227, 45, 47)	1.998	None
TBX3	MYC	-0.92054	50.98	-9.8E-01	rgb(  3, 87,254)	1.9996	None
FOXC2	MYL4	-0.98036	50.91	-9.1E-01	rgb( 19, 97,252)	1.9982	None
TBX3	MYL4	-0.54228	46.78	-7.8E-01	rgb( 48,114,247)	1.9156	None
FOXC2	MYO18B	0.4681	49.81	0.81	rgb(226, 62, 64)	1.9762	None
TBX3	MYO18B	-0.66395	48.75	-7.5E-01	rgb( 54,118,246)	1.955	None
FOXC2	NEURL1B	0.64519	50.66	0.661	rgb(224, 91, 92)	1.9932	None
RARB	NEURL1B	-0.36188	43.49	-4.9E-01	rgb(110,152,236)	1.8498	None
FOXC2	NIPAL4	0.58527	50.18	0.176	rgb(219,183,184)	1.9836	None
RARB	NIPAL4	0.37101	49.29	0.288	rgb(220,162,162)	1.9658	None
RARB	NKD1	-0.75393	49.78	-7.8E-01	rgb( 48,114,247)	1.9756	None
SATB2	NKD1	-0.2136	40.36	-3.6E-01	rgb(138,169,231)	1.7872	None
TBX3	NKD1	-0.87528	50.96	-9.6E-01	rgb(  8, 90,254)	1.9992	None
FOXC2	NKX6-1	0.50401	47.71	0.712	rgb(225, 81, 82)	1.9342	None
SATB2	NKX6-1	-0.70328	50.8	-8.0E-01	rgb( 43,111,248)	1.996	None
CDX2	NKX6-2	-0.55093	47.18	-1.8E-01	rgb(178,193,224)	1.9236	None
FOXC2	NKX6-2	-0.61539	48.27	-2.7E-01	rgb(158,181,227)	1.9454	None
RARB	NKX6-2	-0.43211	44.71	-7.1E-01	rgb( 63,123,244)	1.8742	None
SATB2	NKX6-2	-0.18351	48.41	-4.1E-01	rgb(128,163,233)	1.9482	None
FOXC2	NME5	0.8413	50.94	0.942	rgb(227, 37, 39)	1.9988	None
RARB	NME5	-0.35481	43.39	-3.9E-01	rgb(132,165,232)	1.8478	None
CDX2	NNMT	-0.69628	49.43	-4.3E-01	rgb(124,160,233)	1.9686	None
FOXC2	NNMT	-0.24809	48.74	-7.4E-01	rgb( 56,119,245)	1.9548	None
FOXC2	NPAS4	-0.12648	38.31	-3.1E-01	rgb(150,177,229)	1.7462	None
RARB	NPAS4	-0.78406	50.19	-1.9E-01	rgb(175,192,224)	1.9838	None
FOXC2	NPHP1	0.94964	50.99	0.992	rgb(228, 27, 29)	1.9998	None
TBX3	NPHP1	-0.86648	50.68	-6.8E-01	rgb( 70,128,243)	1.9936	None
RARB	NPPB	-0.21876	40.43	-4.3E-01	rgb(125,161,233)	1.7886	None
TBX3	NPPB	-0.83837	50.62	-6.2E-01	rgb( 83,135,241)	1.9924	None
SATB2	NPTX1	-0.3149	48.92	-9.2E-01	rgb( 17, 95,252)	1.9584	None
TBX3	NPTX1	-0.52681	49.93	-9.3E-01	rgb( 15, 94,252)	1.9786	None
FOXC2	NR4A3	0.89841	50.97	0.965	rgb(228, 33, 35)	1.9994	None
RARB	NR4A3	-0.55078	47.17	-1.7E-01	rgb(179,194,224)	1.9234	None
CDX2	NRARP	-0.82041	50.53	-5.3E-01	rgb(102,147,237)	1.9906	None
FOXC2	NRARP	-0.83463	50.6	-6.0E-01	rgb( 87,138,240)	1.992	None
SATB2	NRARP	-0.92054	50.98	-9.8E-01	rgb(  3, 87,254)	1.9996	None
TBX3	NRARP	-0.5157	49.91	-9.1E-01	rgb( 20, 97,251)	1.9782	None
FOXC2	NRP2	0.91853	50.8	0.8	rgb(226, 64, 66)	1.996	None
RARB	NRP2	0.87084	50.7	0.696	rgb(225, 84, 85)	1.994	None
TBX3	NRP2	0.47227	49.82	0.818	rgb(226, 61, 62)	1.9764	None
FOXC2	NTM	-0.52498	46.6	-6.0E-01	rgb( 88,138,240)	1.912	None
TBX3	NTM	-0.38047	49.4	-4.0E-01	rgb(130,164,232)	1.968	None
CDX2	NXPH4	-0.71358	49.56	-5.6E-01	rgb( 95,143,238)	1.9712	None
FOXC2	NXPH4	-0.2619	41.38	-3.8E-01	rgb(134,167,231)	1.8076	None
TBX3	NXPH4	-0.55078	47.17	-1.7E-01	rgb(181,195,223)	1.9234	None
SATB2	OLFML2B	-0.7219	49.61	-6.1E-01	rgb( 84,136,240)	1.9722	None
TBX3	OLFML2B	-0.55921	49.98	-9.8E-01	rgb(  4, 88,254)	1.9796	None
FOXC2	ONECUT2	0.34759	48.99	0.986	rgb(228, 29, 31)	1.9598	None
TBX3	ONECUT2	0.56636	49.99	0.995	rgb(228, 27, 29)	1.9798	None
FOXC2	OPRD1	-0.020744	47.31	-3.1E-01	rgb(151,177,229)	1.9262	None
SATB2	OPRD1	0.16551	39.27	0.268	rgb(220,166,166)	1.7654	None
CDX2	OR6T1	0.17867	48.37	0.372	rgb(221,146,147)	1.9474	None
SATB2	OR6T1	-0.88811	50.73	-7.3E-01	rgb( 58,120,245)	1.9946	None
FOXC2	PARM1	0.62628	48.43	0.434	rgb(222,134,135)	1.9486	None
RARB	PARM1	0.8508	50.65	0.65	rgb(224, 93, 94)	1.993	None
CDX2	PBX3	-0.71629	49.59	-5.9E-01	rgb( 90,140,239)	1.9718	None
RARB	PBX3	-0.83647	50.61	-6.1E-01	rgb( 85,137,240)	1.9922	None
CDX2	PCDP1	-0.24706	41.12	-1.2E-01	rgb(191,201,222)	1.8024	2,2
TBX3	PCDP1	-0.56386	47.41	-4.1E-01	rgb(127,163,233)	1.9282	2,2
FOXC2	PCSK1N	-0.74818	50.86	-8.6E-01	rgb( 31,104,250)	1.9972	None
SATB2	PCSK1N	-0.033645	47.45	-4.5E-01	rgb(120,158,234)	1.929	None
FOXC2	PDK4	-0.16353	48.21	-2.1E-01	rgb(171,189,225)	1.9442	None
SATB2	PDK4	-0.75609	50.87	-8.7E-01	rgb( 29,103,250)	1.9974	None
RARB	PDLIM3	-0.38736	43.87	-8.7E-01	rgb( 28,102,250)	1.8574	None
TBX3	PDLIM3	-0.4578	49.78	-7.8E-01	rgb( 47,114,247)	1.9756	None
FOXC2	PDZD8	0.21668	48.62	0.618	rgb(224, 99,100)	1.9524	None
RARB	PDZD8	0.93799	50.82	0.818	rgb(226, 61, 62)	1.9964	None
FOXC2	PID1	-0.82833	50.93	-9.3E-01	rgb( 16, 95,252)	1.9986	None
SATB2	PID1	0.8413	50.94	0.936	rgb(227, 38, 40)	1.9988	None
RARB	PKIA	-0.58113	47.61	-6.1E-01	rgb( 84,136,240)	1.9322	None
SATB2	PKIA	-0.94964	50.99	-9.9E-01	rgb(  2, 86,255)	1.9998	None
TBX3	PKIA	-0.30284	48.89	-8.9E-01	rgb( 23, 99,251)	1.9578	None
FOXC2	PLEKHF1	-0.5952	50.34	-3.4E-01	rgb(143,172,230)	1.9868	None
TBX3	PLEKHF1	0.87293	50.71	0.709	rgb(225, 82, 83)	1.9942	None
FOXC2	PLEKHG4	0.39315	44.15	0.151	rgb(219,188,188)	1.863	None
TBX3	PLEKHG4	0.79421	50.34	0.341	rgb(221,152,152)	1.9868	None
FOXC2	PLK3	-0.48884	49.79	-7.9E-01	rgb( 46,113,247)	1.9758	None
SATB2	PLK3	-0.39916	44.29	-2.9E-01	rgb(154,179,228)	1.8658	None
FOXC2	PMP22	-0.56636	49.99	-9.9E-01	rgb(  1, 86,255)	1.9798	None
RARB	PMP22	0.84885	50.64	0.644	rgb(224, 94, 95)	1.9928	None
RARB	PNPLA3	0.6902	49.35	0.354	rgb(221,149,150)	1.967	None
TBX3	PNPLA3	0.035917	36.2	0.196	rgb(219,180,180)	1.704	None
FOXC2	PPFIBP2	0.30108	42.28	0.284	rgb(220,163,163)	1.8256	None
RARB	PPFIBP2	0.57735	47.58	0.583	rgb(223,106,107)	1.9316	None
FOXC2	PPM1E	0.87528	50.96	0.961	rgb(228, 33, 35)	1.9992	None
SATB2	PPM1E	0.43632	44.75	0.746	rgb(225, 74, 76)	1.875	None
FOXC2	PRSS1	-0.50922	49.9	-9.0E-01	rgb( 21, 98,251)	1.978	None
RARB	PRSS1	0.55921	49.98	0.985	rgb(228, 29, 31)	1.9796	None
FOXC2	PTAFR	0.81187	50.92	0.919	rgb(227, 42, 43)	1.9984	None
TBX3	PTAFR	-0.22115	40.46	-4.6E-01	rgb(117,156,234)	1.7892	None
FOXC2	PTPN3	0.68602	49.28	0.281	rgb(220,163,164)	1.9656	None
RARB	PTPN3	0.56284	47.38	0.382	rgb(221,144,145)	1.9276	None
CDX2	RAB17	0.66187	50.71	0.714	rgb(225, 81, 82)	1.9942	None
RARB	RAB17	0.21565	40.39	0.388	rgb(221,143,144)	1.7878	None
TBX3	RAB17	0.60352	50.43	0.432	rgb(222,135,135)	1.9886	None
FOXC2	RAB33A	0.82833	50.93	0.927	rgb(227, 40, 42)	1.9986	None
RARB	RAB33A	-0.52172	49.92	-9.2E-01	rgb( 18, 96,252)	1.9784	None
RARB	RAB3IL1	0.21627	40.41	0.407	rgb(221,139,140)	1.7882	None
TBX3	RAB3IL1	0.78761	50.9	0.903	rgb(227, 45, 46)	1.998	None
FOXC2	RCAN1	0.35719	49.05	0.048	rgb(218,208,208)	1.961	None
TBX3	RCAN1	-0.44669	45.24	-2.4E-01	rgb(165,185,226)	1.8848	None
FOXC2	RDH16	0.78761	50.9	0.902	rgb(227, 45, 47)	1.998	None
RARB	RDH16	0.16163	48.17	0.173	rgb(219,184,184)	1.9434	None
SATB2	RDH16	0.038593	36.25	0.251	rgb(220,169,170)	1.705	None
FOXC2	RFX4	0.79963	50.91	0.91	rgb(227, 43, 45)	1.9982	None
RARB	RFX4	0.94964	50.99	0.986	rgb(228, 29, 31)	1.9998	None
CDX2	RIMS2	-0.36566	43.53	-5.3E-01	rgb(102,147,237)	1.8506	None
FOXC2	RIMS2	0.36881	49.26	0.259	rgb(220,167,168)	1.9652	None
SATB2	RIMS2	-0.02221	47.33	-3.3E-01	rgb(144,173,230)	1.9266	None
FOXC2	RNF135	-0.92054	50.98	-9.8E-01	rgb(  4, 87,254)	1.9996	None
TBX3	RNF135	0.29393	42.13	0.126	rgb(218,193,193)	1.8226	None
FOXC2	RXFP3	-0.61854	50.55	-5.5E-01	rgb( 98,144,238)	1.991	None
SATB2	RXFP3	-0.36309	43.5	-5.0E-01	rgb(108,151,236)	1.85	None
RARB	SAMD5	-0.80924	50.49	-4.9E-01	rgb(110,152,236)	1.9898	None
TBX3	SAMD5	-0.75488	49.79	-7.9E-01	rgb( 46,113,247)	1.9758	None
FOXC2	SCHIP1	0.43438	49.71	0.714	rgb(225, 81, 82)	1.9742	None
RARB	SCHIP1	-0.38842	43.93	-9.3E-01	rgb( 15, 94,252)	1.8586	None
SATB2	SCHIP1	0.24504	41.05	0.05	rgb(218,207,208)	1.801	None
CDX2	SERPINA3	-0.78391	50.18	-1.8E-01	rgb(177,193,224)	1.9836	None
FOXC2	SERPINA3	-0.66876	50.73	-7.3E-01	rgb( 59,121,245)	1.9946	None
RARB	SERPINA3	-0.49492	49.87	-8.7E-01	rgb( 28,102,250)	1.9774	None
CDX2	SGCD	-0.23152	40.61	-6.1E-01	rgb( 85,137,240)	1.7922	None
TBX3	SGCD	-0.53245	49.94	-9.4E-01	rgb( 13, 93,253)	1.9788	None
FOXC2	SHISA3	-0.63104	48.49	-4.9E-01	rgb(111,153,235)	1.9498	None
RARB	SHISA3	-0.27792	41.61	-6.1E-01	rgb( 84,136,240)	1.8122	None
SATB2	SHISA3	-0.33432	48.96	-9.6E-01	rgb(  8, 90,254)	1.9592	None
FOXC2	SLC19A2	0.87528	50.96	0.962	rgb(228, 33, 35)	1.9992	None
RARB	SLC19A2	-0.81081	50.51	-5.1E-01	rgb(106,149,236)	1.9902	None
CDX2	SLC1A1	0.91021	50.77	0.771	rgb(225, 70, 71)	1.9954	None
FOXC2	SLC1A1	-0.82833	50.93	-9.3E-01	rgb( 16, 94,252)	1.9986	None
RARB	SLC1A1	0.87293	50.71	0.708	rgb(225, 82, 83)	1.9942	None
SATB2	SLC1A3	0.50453	49.89	0.886	rgb(227, 48, 50)	1.9778	None
TBX3	SLC1A3	0.92054	50.98	0.979	rgb(228, 30, 32)	1.9996	None
FOXC2	SLC20A1	0.17467	39.41	0.406	rgb(221,139,140)	1.7682	None
RARB	SLC20A1	0.91277	50.78	0.778	rgb(226, 68, 70)	1.9956	None
CDX2	SLC4A4	-0.78523	50.25	-2.5E-01	rgb(164,184,226)	1.985	None
SATB2	SLC4A4	-0.2552	48.76	-7.6E-01	rgb( 53,117,246)	1.9552	None
CDX2	SLCO2A1	-0.061939	36.6	-6.0E-01	rgb( 86,138,240)	1.712	None
TBX3	SLCO2A1	-0.62258	48.38	-3.8E-01	rgb(135,167,231)	1.9476	None
RARB	SLIT3	-0.86846	50.69	-9.3E-01	rgb( 15, 94,252)	1.9938	None
TBX3	SLIT3	0.52681	49.93	0.933	rgb(227, 39, 41)	1.9786	None
CDX2	SMTNL2	0.82569	50.58	0.69	rgb(225, 85, 87)	1.9916	None
FOXC2	SMTNL2	-0.92054	50.98	-9.8E-01	rgb(  4, 87,254)	1.9996	None
RARB	SMTNL2	0.99168	50.92	0.916	rgb(227, 42, 44)	1.9984	None
SATB2	SMTNL2	0.2409	48.71	0.715	rgb(225, 80, 82)	1.9542	None
TBX3	SMTNL2	0.45248	45.33	0.331	rgb(221,154,154)	1.8866	None
RARB	SOCS1	-0.30284	48.89	-8.9E-01	rgb( 23, 99,251)	1.9578	None
TBX3	SOCS1	-0.54535	49.96	-9.6E-01	rgb(  9, 90,253)	1.9792	None
FOXC2	SOHLH2	0.4166	49.64	0.636	rgb(224, 96, 97)	1.9728	None
RARB	SOHLH2	0.45014	49.76	0.762	rgb(225, 71, 73)	1.9752	None
FOXC2	SOX9	-0.94678	50.85	-8.5E-01	rgb( 32,105,249)	1.997	None
RARB	SOX9	-0.6762	48.88	-8.8E-01	rgb( 25,100,251)	1.9576	None
TBX3	SOX9	-0.4431	49.07	-8.1E-02	rgb(199,206,220)	1.9614	None
FOXC2	SPEG	-0.4166	49.64	-6.4E-01	rgb( 79,133,241)	1.9728	None
RARB	SPEG	0.75488	49.79	0.794	rgb(226, 65, 67)	1.9758	None
TBX3	SPEG	0.47653	49.83	0.827	rgb(226, 59, 61)	1.9766	None
FOXC2	SPINK1	-0.61118	50.5	-5.0E-01	rgb(109,151,236)	1.99	None
RARB	SPINK1	0.15529	48.08	0.076	rgb(218,202,203)	1.9416	None
CDX2	SSBP2	-0.05197	36.45	-4.5E-01	rgb(120,158,234)	1.709	None
FOXC2	SSBP2	0.66187	50.71	0.709	rgb(225, 81, 83)	1.9942	None
SATB2	SSBP2	-0.22936	48.67	-6.7E-01	rgb( 72,129,242)	1.9534	None
TBX3	SSBP2	-0.14451	38.59	-5.9E-01	rgb( 89,139,239)	1.7518	None
FOXC2	TAP1	0.85509	50.95	0.948	rgb(227, 36, 38)	1.999	None
RARB	TAP1	-0.21008	48.59	-5.9E-01	rgb( 89,139,239)	1.9518	None
CDX2	TBL1X	0.68624	49.29	0.286	rgb(220,162,163)	1.9658	None
FOXC2	TBL1X	0.49771	46.14	0.142	rgb(219,190,190)	1.9028	None
RARB	TBL1X	0.58376	47.63	0.628	rgb(224, 97, 98)	1.9326	None
SATB2	TBL1X	0.94964	50.99	0.987	rgb(228, 28, 30)	1.9998	None
RARB	TBX3	0.055195	36.5	0.499	rgb(222,122,123)	1.71	None
SATB2	TBX3	0.30665	48.9	0.903	rgb(227, 45, 46)	1.958	None
CDX2	TCF24	-0.8508	50.65	-6.5E-01	rgb( 75,131,242)	1.993	None
FOXC2	TCF24	0.8413	50.94	0.942	rgb(227, 37, 39)	1.9988	None
TBX3	TCF24	-0.82448	50.57	-5.7E-01	rgb( 92,141,239)	1.9914	None
CDX2	TCN1	-0.042771	36.31	-3.1E-01	rgb(149,176,229)	1.7062	None
FOXC2	TCN1	0.94964	50.99	0.992	rgb(228, 28, 30)	1.9998	None
CDX2	TFCP2L1	0.69716	49.45	0.454	rgb(222,130,131)	1.969	None
RARB	TFCP2L1	0.97266	50.88	0.879	rgb(227, 49, 51)	1.9976	None
CDX2	TGFB3	-0.85509	50.67	-6.7E-01	rgb( 72,129,242)	1.9934	None
FOXC2	TGFB3	-0.27385	48.82	-8.2E-01	rgb( 40,109,248)	1.9564	None
RARB	TGFB3	-0.15181	48.02	-2.5E-02	rgb(212,214,218)	1.9404	None
FOXC2	THBS1	-0.83977	50.63	-6.3E-01	rgb( 80,133,241)	1.9926	None
TBX3	THBS1	-0.10548	47.84	-8.4E-01	rgb( 35,106,249)	1.9368	None
CDX2	TLN2	0.78288	50.09	0.093	rgb(218,199,199)	1.9818	None
FOXC2	TLN2	0.57874	47.59	0.59	rgb(223,104,106)	1.9318	None
RARB	TLN2	0.85281	50.66	0.659	rgb(224, 91, 93)	1.9932	None
SATB2	TLN2	0.89841	50.97	0.968	rgb(228, 32, 34)	1.9994	None
RARB	TMEM154	-0.32278	42.59	-5.9E-01	rgb( 88,139,240)	1.8318	None
SATB2	TMEM154	0.6015	47.8	0.805	rgb(226, 63, 65)	1.936	None
FOXC2	TMEM185A	-0.85509	50.95	-9.5E-01	rgb( 10, 91,253)	1.999	None
RARB	TMEM185A	0.93487	50.81	0.809	rgb(226, 62, 64)	1.9962	None
FOXC2	TMEM51-AS1	0.56636	49.99	0.989	rgb(228, 28, 30)	1.9798	None
RARB	TMEM51-AS1	-0.31944	48.93	-9.3E-01	rgb( 15, 94,252)	1.9586	None
CDX2	TMEM88	0.80575	50.44	0.671	rgb(224, 89, 90)	1.9888	None
FOXC2	TMEM88	-0.7101	50.81	-8.1E-01	rgb( 41,110,248)	1.9962	None
RARB	TMEM88	0.10229	37.6	0.603	rgb(224,102,103)	1.732	None
FOXC2	TMOD1	0.53835	49.95	0.953	rgb(227, 35, 37)	1.979	None
SATB2	TMOD1	-0.92054	50.98	-9.8E-01	rgb(  5, 88,254)	1.9996	None
FOXC2	TNFRSF9	0.79773	50.88	0.876	rgb(227, 50, 51)	1.9976	None
TBX3	TNFRSF9	-0.86648	50.68	-6.8E-01	rgb( 69,127,243)	1.9936	None
FOXC2	TNFSF15	0.14994	48	0.995	rgb(228, 27, 29)	1.94	None
TBX3	TNFSF15	-0.93487	50.81	-8.1E-01	rgb( 42,110,248)	1.9962	None
FOXC2	TTLL7	0.65831	50.7	0.696	rgb(225, 84, 85)	1.994	None
RARB	TTLL7	-0.45351	49.77	-7.7E-01	rgb( 50,115,246)	1.9754	None
SATB2	TTLL7	-0.42408	49.67	-6.7E-01	rgb( 71,128,243)	1.9734	None
CDX2	TUB	0.78673	50.29	0.289	rgb(220,162,162)	1.9858	None
RARB	TUB	0.91552	50.79	0.785	rgb(226, 67, 69)	1.9958	None
SATB2	UBXN11	-0.28976	44	-8.8E-01	rgb( 25,100,251)	1.86	None
TBX3	UBXN11	-0.20029	48.53	-5.3E-01	rgb(102,147,237)	1.9506	None
FOXC2	UNC5C	0.38047	49.4	0.397	rgb(221,141,142)	1.968	None
RARB	UNC5C	-0.097086	37.51	-5.1E-01	rgb(106,150,236)	1.7302	None
FOXC2	VEGFC	-0.66359	48.74	-7.4E-01	rgb( 57,120,245)	1.9548	None
RARB	VEGFC	0.067326	47.67	0.673	rgb(224, 89, 90)	1.9334	None
FOXC2	ZNF385B	0.73561	49.68	0.679	rgb(224, 87, 89)	1.9736	None
RARB	ZNF385B	0.75228	49.76	0.756	rgb(225, 73, 74)	1.9752	None
